Timestamp_sec,Posicion_ticks,Velocidad_RPM
1786545333.1301854,0,0.0
1786545333.2305717,0,0.0
1786545333.3298545,-567,0.0
1786545333.430531,-567,0.0
1786545333.5301964,-567,0.0
1786545333.6302173,-567,0.0
1786545333.7301974,-567,0.0
1786545333.829872,-567,0.0
1786545333.9301825,-567,0.0
1786545334.030501,-567,0.0
1786545334.130212,-567,0.0
1786545334.2305195,-567,0.0
1786545334.3299868,-567,0.0
1786545334.430475,-567,0.0
1786545334.5301235,-567,0.0
1786545334.630223,-567,0.0
1786545334.7300167,-567,0.0
1786545334.8303099,-567,0.0
1786545334.930121,-567,0.0
1786545335.0303814,-567,0.0
1786545335.1305177,-567,0.0
1786545335.2301972,-567,0.0
1786545335.3301005,-567,0.0
1786545335.4302206,-567,0.0
1786545335.5305598,-567,0.0
1786545335.6301496,-567,0.0
1786545335.7300406,-567,0.0
1786545335.8304002,-567,0.0
1786545335.93013,-567,0.0
1786545336.030451,-567,0.0
1786545336.130163,-567,0.0
1786545336.2301645,-567,0.0
1786545336.3299272,-567,0.0
1786545336.430118,-567,0.0
1786545336.530545,-567,0.0
1786545336.630137,-567,0.0
1786545336.7318058,-567,0.0
1786545336.8305523,-567,0.0
1786545336.929814,-567,0.0
1786545337.0303109,-567,0.0
1786545337.1305783,-567,0.0
1786545337.230483,-567,0.0
1786545337.3305159,-567,0.0
1786545337.429991,-567,0.0
1786545337.5300868,-567,0.0
1786545337.630033,-567,0.0
1786545337.7302341,-567,0.0
1786545337.8301928,-567,0.0
1786545337.9305134,-567,0.0
1786545338.030208,-567,0.0
1786545338.1303902,-567,0.0
1786545338.2301755,-567,0.0
1786545338.330565,-567,0.0
1786545338.4301705,-567,0.0
1786545338.530109,-567,0.0
1786545338.630095,-567,0.0
1786545338.7301018,-567,0.0
1786545338.830063,-567,0.0
1786545338.9300604,-567,0.0
1786545339.0305898,-567,0.0
1786545339.130233,-567,0.0
1786545339.23013,-567,0.0
1786545339.330075,-567,0.0
1786545339.430243,-567,0.0
1786545339.5305398,-567,0.0
1786545339.630431,-567,0.0
1786545339.7303967,-567,0.0
1786545339.8308418,-567,0.0
1786545339.9302356,-567,0.0
1786545340.0301354,-567,0.0
1786545340.130195,-567,0.0
1786545340.2305114,-567,0.0
1786545340.3305387,-567,0.0
1786545340.4305196,-567,0.0
1786545340.5301263,-567,0.0
1786545340.6304944,-567,0.0
1786545340.7303185,-567,0.0
1786545340.8305242,-567,0.0
1786545340.930541,-567,0.0
1786545341.030505,-567,0.0
1786545341.1304424,-567,0.0
1786545341.2302325,-567,0.0
1786545341.3300998,-567,0.0
1786545341.430037,-567,0.0
1786545341.530114,-567,0.0
1786545341.630109,-567,0.0
1786545341.7300909,-567,0.0
1786545341.829928,-567,0.0
1786545341.9301,-567,0.0
1786545342.0300946,-567,0.0
1786545342.1300373,-567,0.0
1786545342.2300997,-567,0.0
1786545342.3299394,-567,0.0
1786545342.4300609,-567,0.0
1786545342.530087,-567,0.0
1786545342.6301165,-567,0.0
1786545342.730082,-567,0.0
1786545342.8298852,-567,0.0
1786545342.9300103,-567,0.0
1786545343.0301201,-567,0.0
1786545343.1300857,-567,0.0
1786545343.230631,-567,0.0
1786545343.3301592,-567,0.0
1786545343.430805,-567,0.0
1786545343.5299482,-567,0.0
1786545343.6301348,-567,0.0
1786545343.730138,-567,0.0
1786545343.8306897,-567,0.0
1786545343.9301457,-567,0.0
1786545344.0300639,-567,0.0
1786545344.1304555,-567,0.0
1786545344.2303379,-567,0.0
1786545344.330118,-567,0.0
1786545344.4302065,-567,0.0
1786545344.5302203,-567,0.0
1786545344.6305187,-567,0.0
1786545344.7301252,-567,0.0
1786545344.8300543,-567,0.0
1786545344.9301867,-567,0.0
1786545345.030061,-567,0.0
1786545345.1301289,-567,0.0
1786545345.2301521,-567,0.0
1786545345.3301635,-567,0.0
1786545345.4300458,-567,0.0
1786545345.5302098,-567,0.0
1786545345.6305373,-567,0.0
1786545345.730089,-567,0.0
1786545345.8301942,-567,0.0
1786545345.9303951,-567,0.0
1786545346.0304492,-567,0.0
1786545346.1303701,-567,0.0
1786545346.2305121,-567,0.0
1786545346.330134,-567,0.0
1786545346.4301562,-567,0.0
1786545346.5301983,-567,0.0
1786545346.6308975,-567,0.0
1786545346.7300875,-567,0.0
1786545346.8306816,-567,0.0
1786545346.9302223,-567,0.0
1786545347.0304513,-567,0.0
1786545347.1302154,-567,0.0
1786545347.2304804,-567,0.0
1786545347.3305528,-567,0.0
1786545347.4301414,-567,0.0
1786545347.530562,-567,0.0
1786545347.6305277,-567,0.0
1786545347.7301216,-567,0.0
1786545347.8298695,-567,0.0
1786545347.9302301,-567,0.0
1786545348.0303524,-567,0.0
1786545348.1303015,-567,0.0
1786545348.23051,-567,0.0
1786545348.3301976,-567,0.0
1786545348.430456,-567,0.0
1786545348.5304878,-567,0.0
1786545348.6305592,-567,0.0
1786545348.730362,-567,0.0
1786545348.8301187,-567,0.0
1786545348.9305182,-567,0.0
1786545349.030442,-567,0.0
1786545349.1305084,-567,0.0
1786545349.2304566,-567,0.0
1786545349.3298614,-567,0.0
1786545349.4304338,-567,0.0
1786545349.5305154,-567,0.0
1786545349.6304562,-567,0.0
1786545349.7304683,-567,0.0
1786545349.8304377,-567,0.0
1786545349.9305167,-567,0.0
1786545350.0305438,-567,0.0
1786545350.1305537,-567,0.0
1786545350.2305274,-567,0.0
1786545350.3305063,-567,0.0
1786545350.4301305,-567,0.0
1786545350.5305564,-567,0.0
1786545350.630457,-567,0.0
1786545350.7301073,-567,0.0
1786545350.8299372,-567,0.0
1786545350.930406,-567,0.0
1786545351.0301168,-567,0.0
1786545351.1301897,-567,0.0
1786545351.2301705,-567,0.0
1786545351.3302233,-567,0.0
1786545351.430475,-567,0.0
1786545351.5308888,-567,0.0
1786545351.6301653,-567,0.0
1786545351.7303827,-567,0.0
1786545351.8304284,-567,0.0
1786545351.930333,-567,0.0
1786545352.0301557,-567,0.0
1786545352.130123,-567,0.0
1786545352.2305217,-567,0.0
1786545352.330281,-567,0.0
1786545352.4306726,-567,0.0
1786545352.5300388,-567,0.0
1786545352.630268,-567,0.0
1786545352.7306085,-567,0.0
1786545352.8301203,-567,0.0
1786545352.9301195,-567,0.0
1786545353.0305297,-567,0.0
1786545353.1302361,-567,0.0
1786545353.230381,-567,0.0
1786545353.3304367,-567,0.0
1786545353.4305909,-567,0.0
1786545353.5305107,-567,0.0
1786545353.6301177,-567,0.0
1786545353.730253,-567,0.0
1786545353.8307884,-567,0.0
1786545353.9305606,-567,0.0
1786545354.030058,-567,0.0
1786545354.130376,-567,0.0
1786545354.2305496,-567,0.0
1786545354.330142,-567,0.0
1786545354.4301264,-567,0.0
1786545354.5304508,-567,0.0
1786545354.630595,-567,0.0
1786545354.7305422,-567,0.0
1786545354.830125,-567,0.0
1786545354.9305072,-567,0.0
1786545355.0304432,-567,0.0
1786545355.1305172,-567,0.0
1786545355.2303116,-567,0.0
1786545355.3298528,-567,0.0
1786545355.430121,-567,0.0
1786545355.5302305,-567,0.0
1786545355.6302075,-567,0.0
1786545355.730619,-567,0.0
1786545355.830215,-567,0.0
1786545355.930139,-567,0.0
1786545356.0300975,-567,0.0
1786545356.1303709,-567,0.0
1786545356.2302184,-567,0.0
1786545356.3301876,-567,0.0
1786545356.4305396,-567,0.0
1786545356.5305161,-567,0.0
1786545356.6301298,-567,0.0
1786545356.7305021,-567,0.0
1786545356.830128,-567,0.0
1786545356.9301605,-567,0.0
1786545357.0300963,-567,0.0
1786545357.1301508,-567,0.0
1786545357.2305536,-567,0.0
1786545357.3305118,-567,0.0
1786545357.430555,-567,0.0
1786545357.5305562,-567,0.0
1786545357.6304514,-567,0.0
1786545357.7301922,-567,0.0
1786545357.8300133,-567,0.0
1786545357.9305143,-567,0.0
1786545358.0302236,-567,0.0
1786545358.1302347,-567,0.0
1786545358.2302034,-567,0.0
1786545358.330138,-567,0.0
1786545358.4305422,-567,0.0
1786545358.5305033,-567,0.0
1786545358.6301367,-567,0.0
1786545358.7305226,-567,0.0
1786545358.8306334,-567,0.0
1786545358.9300525,-567,0.0
1786545359.030016,-567,0.0
1786545359.130505,-567,0.0
1786545359.2301233,-567,0.0
1786545359.330157,-567,0.0
1786545359.4304073,-567,0.0
1786545359.5302167,-567,0.0
1786545359.6303842,-567,0.0
1786545359.7303126,-567,0.0
1786545359.8302472,-567,0.0
1786545359.9301958,-567,0.0
1786545360.0303805,-567,0.0
1786545360.1306894,-567,0.0
1786545360.230188,-567,0.0
1786545360.3301396,-567,0.0
1786545360.430151,-567,0.0
1786545360.530514,-567,0.0
1786545360.630207,-567,0.0
1786545360.7305107,-567,0.0
1786545360.8301094,-567,0.0
1786545360.9304426,-567,0.0
1786545361.0304365,-567,0.0
1786545361.1304538,-567,0.0
1786545361.2302303,-567,0.0
1786545361.3305886,-567,0.0
1786545361.4300437,-567,0.0
1786545361.5301,-567,0.0
1786545361.6301198,-567,0.0
1786545361.7300613,-567,0.0
1786545361.829952,-567,0.0
1786545361.9301305,-567,0.0
1786545362.0301273,-567,0.0
1786545362.1301043,-567,0.0
1786545362.2301276,-567,0.0
1786545362.330134,-567,0.0
1786545362.4301174,-567,0.0
1786545362.5301206,-567,0.0
1786545362.6301382,-567,0.0
1786545362.7301168,-567,0.0
1786545362.8301132,-567,0.0
1786545362.9300966,-567,0.0
1786545363.0301313,-567,0.0
1786545363.1300037,-567,0.0
1786545363.230051,-567,0.0
1786545363.3298953,-567,0.0
1786545363.4300299,-567,0.0
1786545363.5300503,-567,0.0
1786545363.630058,-567,0.0
1786545363.730618,-567,0.0
1786545363.83003,-567,0.0
1786545363.9304304,-567,0.0
1786545364.0306616,-567,0.0
1786545364.1301033,-567,0.0
1786545364.2304335,-567,0.0
1786545364.3300943,-567,0.0
1786545364.4304576,-567,0.0
1786545364.5303218,-567,0.0
1786545364.6301036,-567,0.0
1786545364.7301297,-567,0.0
1786545364.8300292,-567,0.0
1786545364.930103,-567,0.0
1786545365.0300465,-567,0.0
1786545365.1300893,-567,0.0
1786545365.230018,-567,0.0
1786545365.3300862,-567,0.0
1786545365.430272,-567,0.0
1786545365.5311399,-567,0.0
1786545365.6300359,-567,0.0
1786545365.7304268,-567,0.0
1786545365.8304293,-567,0.0
1786545365.9305406,-567,0.0
1786545366.0300837,-567,0.0
1786545366.1301696,-567,0.0
1786545366.2304585,-567,0.0
1786545366.3301232,-567,0.0
1786545366.4305465,-567,0.0
1786545366.5306947,-567,0.0
1786545366.6305237,-567,0.0
1786545366.7305307,-567,0.0
1786545366.830464,-567,0.0
1786545366.9305277,-567,0.0
1786545367.0301409,-567,0.0
1786545367.1306982,-567,0.0
1786545367.230108,-567,0.0
1786545367.33011,-567,0.0
1786545367.4301386,-567,0.0
1786545367.5304654,-567,0.0
1786545367.6301296,-567,0.0
1786545367.7302396,-567,0.0
1786545367.8298702,-567,0.0
1786545367.9301445,-567,0.0
1786545368.0300963,-567,0.0
1786545368.130112,-567,0.0
1786545368.2301395,-567,0.0
1786545368.3300529,-567,0.0
1786545368.4300396,-567,0.0
1786545368.5300324,-567,0.0
1786545368.630196,-567,0.0
1786545368.7301114,-567,0.0
1786545368.830141,-567,0.0
1786545368.9300957,-567,0.0
1786545369.0301578,-567,0.0
1786545369.1300159,-567,0.0
1786545369.230535,-567,0.0
1786545369.330094,-567,0.0
1786545369.4305265,-567,0.0
1786545369.53045,-567,0.0
1786545369.6305203,-567,0.0
1786545369.7305186,-567,0.0
1786545369.8305318,-567,0.0
1786545369.930508,-567,0.0
1786545370.0305188,-567,0.0
1786545370.1304095,-567,0.0
1786545370.230518,-567,0.0
1786545370.330122,-567,0.0
1786545370.4305108,-567,0.0
1786545370.5301766,-567,0.0
1786545370.6304579,-567,0.0
1786545370.7305367,-567,0.0
1786545370.8302236,-567,0.0
1786545370.93024,-567,0.0
1786545371.0305374,-567,0.0
1786545371.1304946,-567,0.0
1786545371.2301486,-567,0.0
1786545371.3302026,-567,0.0
1786545371.4302244,-567,0.0
1786545371.5301375,-567,0.0
1786545371.6305535,-567,0.0
1786545371.730149,-567,0.0
1786545371.8301284,-567,0.0
1786545371.930047,-567,0.0
1786545372.030444,-567,0.0
1786545372.1305363,-567,0.0
1786545372.2303288,-567,0.0
1786545372.3305662,-567,0.0
1786545372.4305928,-567,0.0
1786545372.5306509,-567,0.0
1786545372.6301286,-567,0.0
1786545372.7301393,-567,0.0
1786545372.8307626,-567,0.0
1786545372.9302943,-567,0.0
1786545373.0301046,-567,0.0
1786545373.1301346,-567,0.0
1786545373.230139,-567,0.0
1786545373.3305175,-567,0.0
1786545373.4305115,-567,0.0
1786545373.5302715,-567,0.0
1786545373.6301062,-567,0.0
1786545373.730442,-567,0.0
1786545373.8301082,-567,0.0
1786545373.9304483,-567,0.0
1786545374.030438,-567,0.0
1786545374.130446,-567,0.0
1786545374.230442,-567,0.0
1786545374.3301482,-567,0.0
1786545374.4305282,-567,0.0
1786545374.530513,-567,0.0
1786545374.6304936,-567,0.0
1786545374.7304904,-567,0.0
1786545374.8304505,-567,0.0
1786545374.930198,-567,0.0
1786545375.0306563,-567,0.0
1786545375.1301184,-567,0.0
1786545375.2305903,-567,0.0
1786545375.330216,-567,0.0
1786545375.43026,-567,0.0
1786545375.5304518,-567,0.0
1786545375.6301365,-567,0.0
1786545375.7302241,-567,0.0
1786545375.8305774,-567,0.0
1786545375.9304454,-567,0.0
1786545376.0301762,-567,0.0
1786545376.1301482,-567,0.0
1786545376.2305443,-567,0.0
1786545376.3303597,-567,0.0
1786545376.4305425,-567,0.0
1786545376.5302308,-567,0.0
1786545376.6304672,-567,0.0
1786545376.7301228,-567,0.0
1786545376.8305464,-567,0.0
1786545376.9301426,-567,0.0
1786545377.0301852,-567,0.0
1786545377.1300623,-567,0.0
1786545377.2305543,-567,0.0
1786545377.330194,-567,0.0
1786545377.4302175,-567,0.0
1786545377.5305555,-567,0.0
1786545377.6305187,-567,0.0
1786545377.7300487,-567,0.0
1786545377.8298542,-567,0.0
1786545377.9301882,-567,0.0
1786545378.0305004,-567,0.0
1786545378.130154,-567,0.0
1786545378.2305255,-567,0.0
1786545378.330191,-567,0.0
1786545378.430601,-567,0.0
1786545378.5305662,-567,0.0
1786545378.6304464,-567,0.0
1786545378.7304518,-567,0.0
1786545378.830471,-567,0.0
1786545378.9301798,-567,0.0
1786545379.030016,-567,0.0
1786545379.130551,-567,0.0
1786545379.2305264,-567,0.0
1786545379.3298497,-567,0.0
1786545379.430962,-567,0.0
1786545379.5302312,-567,0.0
1786545379.630554,-567,0.0
1786545379.730198,-567,0.0
1786545379.8301523,-567,0.0
1786545379.9301107,-567,0.0
1786545380.0305436,-567,0.0
1786545380.1301398,-567,0.0
1786545380.230553,-567,0.0
1786545380.3304515,-567,0.0
1786545380.430134,-567,0.0
1786545380.5305305,-567,0.0
1786545380.6301901,-567,0.0
1786545380.7301471,-567,0.0
1786545380.8301969,-567,0.0
1786545380.9301965,-567,0.0
1786545381.0304735,-567,0.0
1786545381.1301901,-567,0.0
1786545381.2300167,-567,0.0
1786545381.3305023,-567,0.0
1786545381.4301286,-567,0.0
1786545381.5301247,-567,0.0
1786545381.6304393,-567,0.0
1786545381.7302084,-567,0.0
1786545381.8304954,-567,0.0
1786545381.9301076,-567,0.0
1786545382.0302548,-567,0.0
1786545382.1301262,-567,0.0
1786545382.2304575,-567,0.0
1786545382.3304057,-567,0.0
1786545382.4302616,-567,0.0
1786545382.5306053,-567,0.0
1786545382.630449,-567,0.0
1786545382.7305207,-567,0.0
1786545382.8304553,-567,0.0
1786545382.9304645,-567,0.0
1786545383.0309541,-567,0.0
1786545383.1304526,-567,0.0
1786545383.2301466,-567,0.0
1786545383.3308005,-567,0.0
1786545383.4305832,-567,0.0
1786545383.5304086,-567,0.0
1786545383.6306694,-567,0.0
1786545383.7302108,-567,0.0
1786545383.8300273,-567,0.0
1786545383.9303968,-567,0.0
1786545384.030014,-567,0.0
1786545384.1303272,-567,0.0
1786545384.2302933,-567,0.0
1786545384.3301034,-567,0.0
1786545384.4301677,-567,0.0
1786545384.530234,-567,0.0
1786545384.630518,-567,0.0
1786545384.7302012,-567,0.0
1786545384.8302534,-567,0.0
1786545384.9302142,-567,0.0
1786545385.030879,-567,0.0
1786545385.1301422,-567,0.0
1786545385.2302454,-567,0.0
1786545385.3301256,-567,0.0
1786545385.430122,-567,0.0
1786545385.5301573,-567,0.0
1786545385.6301382,-567,0.0
1786545385.7305152,-567,0.0
1786545385.8305206,-567,0.0
1786545385.9305506,-567,0.0
1786545386.0301409,-567,0.0
1786545386.13023,-567,0.0
1786545386.2305462,-567,0.0
1786545386.3306217,-567,0.0
1786545386.430211,-567,0.0
1786545386.5304658,-567,0.0
1786545386.6305406,-567,0.0
1786545386.7301743,-567,0.0
1786545386.8302004,-567,0.0
1786545386.9305592,-567,0.0
1786545387.030433,-567,0.0
1786545387.130526,-567,0.0
1786545387.230129,-567,0.0
1786545387.3309183,-567,0.0
1786545387.4302037,-567,0.0
1786545387.5301406,-567,0.0
1786545387.6303506,-567,0.0
1786545387.7303867,-567,0.0
1786545387.8305051,-567,0.0
1786545387.9300377,-567,0.0
1786545388.030255,-567,0.0
1786545388.1301122,-567,0.0
1786545388.2304285,-567,0.0
1786545388.3301969,-567,0.0
1786545388.430392,-567,0.0
1786545388.5301983,-567,0.0
1786545388.6304412,-567,0.0
1786545388.7301466,-567,0.0
1786545388.8301365,-567,0.0
1786545388.930592,-567,0.0
1786545389.030376,-567,0.0
1786545389.130025,-567,0.0
1786545389.2307854,-567,0.0
1786545389.3301716,-567,0.0
1786545389.4301245,-567,0.0
1786545389.5306344,-567,0.0
1786545389.6300912,-567,0.0
1786545389.7305572,-567,0.0
1786545389.8300962,-567,0.0
1786545389.9304938,-567,0.0
1786545390.0302052,-567,0.0
1786545390.1304798,-567,0.0
1786545390.2301972,-567,0.0
1786545390.3302977,-567,0.0
1786545390.4304998,-567,0.0
1786545390.5302203,-567,0.0
1786545390.6304464,-567,0.0
1786545390.7304475,-567,0.0
1786545390.830123,-567,0.0
1786545390.9301085,-567,0.0
1786545391.0301192,-567,0.0
1786545391.1301935,-567,0.0
1786545391.2301157,-567,0.0
1786545391.3303702,-567,0.0
1786545391.4302182,-567,0.0
1786545391.5302117,-567,0.0
1786545391.6300528,-567,0.0
1786545391.7305143,-567,0.0
1786545391.8301756,-567,0.0
1786545391.9302242,-567,0.0
1786545392.030677,-567,0.0
1786545392.1301355,-567,0.0
1786545392.2301602,-567,0.0
1786545392.3298874,-567,0.0
1786545392.4303784,-567,0.0
1786545392.5302303,-567,0.0
1786545392.63013,-567,0.0
1786545392.7300968,-567,0.0
1786545392.829923,-567,0.0
1786545392.930172,-567,0.0
1786545393.0301907,-567,0.0
1786545393.1304963,-567,0.0
1786545393.2304838,-567,0.0
1786545393.3300924,-567,0.0
1786545393.4305103,-567,0.0
1786545393.5303724,-567,0.0
1786545393.630513,-567,0.0
1786545393.7305684,-567,0.0
1786545393.830216,-567,0.0
1786545393.9301524,-567,0.0
1786545394.0305564,-567,0.0
1786545394.130595,-567,0.0
1786545394.2302425,-567,0.0
1786545394.330057,-567,0.0
1786545394.4304981,-567,0.0
1786545394.530519,-567,0.0
1786545394.630444,-567,0.0
1786545394.7302065,-567,0.0
1786545394.829939,-567,0.0
1786545394.930418,-567,0.0
1786545395.0304313,-567,0.0
1786545395.1303916,-567,0.0
1786545395.2305179,-567,0.0
1786545395.3305564,-567,0.0
1786545395.430687,-567,0.0
1786545395.530517,-567,0.0
1786545395.6306112,-567,0.0
1786545395.730548,-567,0.0
1786545395.8301215,-567,0.0
1786545395.9302058,-567,0.0
1786545396.0305064,-567,0.0
1786545396.1301506,-567,0.0
1786545396.230558,-567,0.0
1786545396.3298526,-567,0.0
1786545396.4305391,-567,0.0
1786545396.53015,-567,0.0
1786545396.6305535,-567,0.0
1786545396.7302818,-567,0.0
1786545396.8301623,-567,0.0
1786545396.930453,-567,0.0
1786545397.0305135,-567,0.0
1786545397.1304696,-567,0.0
1786545397.230196,-567,0.0
1786545397.3301375,-567,0.0
1786545397.4301329,-567,0.0
1786545397.5304966,-567,0.0
1786545397.6301827,-567,0.0
1786545397.7304912,-567,0.0
1786545397.829912,-567,0.0
1786545397.930129,-567,0.0
1786545398.030141,-567,0.0
1786545398.1302342,-567,0.0
1786545398.2304394,-567,0.0
1786545398.3305857,-567,0.0
1786545398.4305077,-567,0.0
1786545398.5305126,-567,0.0
1786545398.6305096,-567,0.0
1786545398.7305374,-567,0.0
1786545398.830497,-567,0.0
1786545398.930509,-567,0.0
1786545399.0305157,-567,0.0
1786545399.1305392,-567,0.0
1786545399.2302012,-567,0.0
1786545399.330127,-567,0.0
1786545399.4305012,-567,0.0
1786545399.5302293,-567,0.0
1786545399.6302097,-567,0.0
1786545399.7305074,-567,0.0
1786545399.8302042,-567,0.0
1786545399.9304988,-567,0.0
1786545400.030545,-567,0.0
1786545400.1305442,-567,0.0
1786545400.2302077,-567,0.0
1786545400.3301888,-567,0.0
1786545400.4301507,-567,0.0
1786545400.5304542,-567,0.0
1786545400.6304286,-567,0.0
1786545400.7304842,-567,0.0
1786545400.8305001,-669,0.0
1786545400.9305043,-669,-6.456047534942627
1786545401.0305183,-669,-6.456047534942627
1786545401.130454,-669,-6.456047534942627
1786545401.2302108,-669,-6.456047534942627
1786545401.3301377,-669,-6.456047534942627
1786545401.430506,-1446,-37.639888763427734
1786545401.530209,-1446,-37.639888763427734
1786545401.630452,-1446,-37.639888763427734
1786545401.730576,-1446,-37.639888763427734
1786545401.8305314,-1446,-37.639888763427734
1786545401.93002,-1948,-23.365238189697266
1786545402.0304496,-1948,-23.365238189697266
1786545402.130339,-1948,-23.365238189697266
1786545402.230437,-1948,-23.365238189697266
1786545402.3301969,-1948,-23.365238189697266
1786545402.4303858,-1472,32.64516830444336
1786545402.530222,-1472,32.64516830444336
1786545402.6301324,-1472,32.64516830444336
1786545402.7304683,-1472,32.64516830444336
1786545402.8302002,-1472,32.64516830444336
1786545402.93015,-1472,32.64516830444336
1786545403.030448,-105,66.7711181640625
1786545403.1304915,-105,66.7711181640625
1786545403.2304587,-105,66.7711181640625
1786545403.3302147,-105,66.7711181640625
1786545403.4301016,375,11.411447525024414
1786545403.5305505,375,11.411447525024414
1786545403.6304636,375,11.411447525024414
1786545403.7302306,375,11.411447525024414
1786545403.8301997,364,11.411447525024414
1786545403.9304552,364,0.0
1786545404.030451,364,0.0
1786545404.1301525,364,0.0
1786545404.2304585,364,0.0
1786545404.3301806,364,0.0
1786545404.4301887,364,0.0
1786545404.530517,364,0.0
1786545404.630454,364,0.0
1786545404.7304385,364,0.0
1786545404.830204,364,0.0
1786545404.9305167,364,0.0
1786545405.0301328,364,0.0
1786545405.1305249,364,0.0
1786545405.2302477,364,0.0
1786545405.3302705,364,0.0
1786545405.4302135,364,0.0
1786545405.5307946,364,0.0
1786545405.6305692,364,0.0
1786545405.7317748,364,0.0
1786545405.8301206,364,0.0
1786545405.9301476,364,0.0
1786545406.0301032,364,0.0
1786545406.1302073,364,0.0
1786545406.23008,364,0.0
1786545406.3301122,364,0.0
1786545406.4301085,364,0.0
1786545406.5304437,364,0.0
1786545406.630196,364,0.0
1786545406.7304368,364,0.0
1786545406.8301318,364,0.0
1786545406.930201,364,0.0
1786545407.0301309,364,0.0
1786545407.1302202,364,0.0
1786545407.2306054,364,0.0
1786545407.3302033,-476,0.0
1786545407.4304388,-476,-43.476802825927734
1786545407.5305247,-476,-43.476802825927734
1786545407.6301374,-476,-43.476802825927734
1786545407.7302203,-476,-43.476802825927734
1786545407.8301418,-1161,-43.476802825927734
1786545407.9304445,-1161,-32.89155197143555
1786545408.0300922,-1161,-32.89155197143555
1786545408.130132,-1161,-32.89155197143555
1786545408.2301042,-1161,-32.89155197143555
1786545408.330498,-1161,-32.89155197143555
1786545408.4305325,-1101,3.7672336101531982
1786545408.5301876,-1101,3.7672336101531982
1786545408.6304317,-1101,3.7672336101531982
1786545408.7305393,-1101,3.7672336101531982
1786545408.829865,54,3.7672336101531982
1786545408.9304502,54,62.33511734008789
1786545409.0305057,54,62.33511734008789
1786545409.13013,54,62.33511734008789
1786545409.2305136,54,62.33511734008789
1786545409.3301995,1161,50.642330169677734
1786545409.4305077,1161,50.642330169677734
1786545409.531231,1161,50.642330169677734
1786545409.6302156,1161,50.642330169677734
1786545409.730108,1161,50.642330169677734
1786545409.8301795,332,50.642330169677734
1786545409.930049,332,-40.763755798339844
1786545410.0302143,332,-40.763755798339844
1786545410.1305656,332,-40.763755798339844
1786545410.2301564,332,-40.763755798339844
1786545410.330375,332,-40.763755798339844
1786545410.4301863,332,0.0
1786545410.5305176,332,0.0
1786545410.6302116,332,0.0
1786545410.7301457,332,0.0
1786545410.8303716,332,0.0
1786545410.9301612,332,0.0
1786545411.0307229,332,0.0
1786545411.1303651,332,0.0
1786545411.2302055,332,0.0
1786545411.3303127,332,0.0
1786545411.4300497,332,0.0
1786545411.5302117,332,0.0
1786545411.630128,332,0.0
1786545411.7301052,332,0.0
1786545411.8300781,332,0.0
1786545411.9301612,332,0.0
1786545412.0301642,332,0.0
1786545412.1301382,332,0.0
1786545412.230302,332,0.0
1786545412.3302875,332,0.0
1786545412.4304414,332,0.0
1786545412.5300503,332,0.0
1786545412.6309397,332,0.0
1786545412.7302892,332,0.0
1786545412.829862,332,0.0
1786545412.9305742,332,0.0
1786545413.0301726,332,0.0
1786545413.1301625,332,0.0
1786545413.2301395,332,0.0
1786545413.330189,332,0.0
1786545413.4301338,332,0.0
1786545413.5304081,332,0.0
1786545413.6300912,332,0.0
1786545413.730116,332,0.0
1786545413.8299344,332,0.0
1786545413.9301243,332,0.0
1786545414.0300899,332,0.0
1786545414.1301563,332,0.0
1786545414.230134,332,0.0
1786545414.330057,332,0.0
1786545414.4301703,332,0.0
1786545414.5305197,332,0.0
1786545414.6300395,332,0.0
1786545414.730542,332,0.0
1786545414.8301828,332,0.0
1786545414.9302058,332,0.0
1786545415.0301433,332,0.0
1786545415.130237,332,0.0
1786545415.2302246,332,0.0
1786545415.3302293,332,0.0
1786545415.4304497,332,0.0
1786545415.5301192,332,0.0
1786545415.6304564,332,0.0
1786545415.7303052,332,0.0
1786545415.8301923,332,0.0
1786545415.930506,332,0.0
1786545416.0299973,332,0.0
1786545416.130143,332,0.0
1786545416.2300565,332,0.0
1786545416.3302019,332,0.0
1786545416.4304512,332,0.0
1786545416.530544,332,0.0
1786545416.6305237,332,0.0
1786545416.7305207,332,0.0
1786545416.8304443,332,0.0
1786545416.9301004,332,0.0
1786545417.0303862,332,0.0
1786545417.1302435,332,0.0
1786545417.2304704,332,0.0
1786545417.3302484,332,0.0
1786545417.430529,332,0.0
1786545417.5301862,332,0.0
1786545417.6304543,332,0.0
1786545417.730114,332,0.0
1786545417.8302095,332,0.0
1786545417.9301322,332,0.0
1786545418.0301185,332,0.0
1786545418.130113,332,0.0
1786545418.2300954,332,0.0
1786545418.3299475,332,0.0
1786545418.4301136,332,0.0
1786545418.5302362,332,0.0
1786545418.6301246,332,0.0
1786545418.7301013,332,0.0
1786545418.8302107,332,0.0
1786545418.9300945,332,0.0
1786545419.030112,332,0.0
1786545419.1301095,332,0.0
1786545419.2301083,332,0.0
1786545419.3300064,332,0.0
1786545419.4301305,332,0.0
1786545419.5301008,332,0.0
1786545419.6301014,332,0.0
1786545419.7300107,332,0.0
1786545419.8299665,332,0.0
1786545419.929963,332,0.0
1786545420.0304034,332,0.0
1786545420.1301162,332,0.0
1786545420.2299767,332,0.0
1786545420.3300786,332,0.0
1786545420.430015,332,0.0
1786545420.5300035,332,0.0
1786545420.6302311,332,0.0
1786545420.7304535,332,0.0
1786545420.8304353,332,0.0
1786545420.9305537,332,0.0
1786545421.0305214,332,0.0
1786545421.1305413,332,0.0
1786545421.230196,332,0.0
1786545421.33066,332,0.0
1786545421.4305542,332,0.0
1786545421.5301635,332,0.0
1786545421.6301212,332,0.0
1786545421.730428,332,0.0
1786545421.829995,355,0.0
1786545421.9302378,355,1.2197203636169434
1786545422.0301034,355,1.2197203636169434
1786545422.1304655,355,1.2197203636169434
1786545422.2304559,355,1.2197203636169434
1786545422.330125,355,1.2197203636169434
1786545422.430544,-451,-45.077030181884766
1786545422.5304477,-451,-45.077030181884766
1786545422.6305234,-451,-45.077030181884766
1786545422.7305155,-451,-45.077030181884766
1786545422.8301075,-929,-45.077030181884766
1786545422.9305089,-929,-17.100692749023438
1786545423.0305254,-929,-17.100692749023438
1786545423.130129,-929,-17.100692749023438
1786545423.2304525,-929,-17.100692749023438
1786545423.3305817,-1539,-17.100692749023438
1786545423.430513,-1539,-30.790103912353516
1786545423.530309,-1539,-30.790103912353516
1786545423.63056,-1539,-30.790103912353516
1786545423.7305183,-1539,-30.790103912353516
1786545423.8302095,-2319,-30.790103912353516
1786545423.93033,-2319,-40.10441207885742
1786545424.0306046,-2319,-40.10441207885742
1786545424.130451,-2319,-40.10441207885742
1786545424.2301815,-2319,-40.10441207885742
1786545424.3300486,-2818,-40.10441207885742
1786545424.430137,-2818,-22.432893753051758
1786545424.5304377,-2818,-22.432893753051758
1786545424.6305513,-2818,-22.432893753051758
1786545424.7301958,-2818,-22.432893753051758
1786545424.8304915,-1206,-22.432893753051758
1786545424.9304683,-1206,79.43427276611328
1786545425.0305297,-1206,79.43427276611328
1786545425.1301436,-1206,79.43427276611328
1786545425.2305186,-1206,79.43427276611328
1786545425.330215,-1206,79.43427276611328
1786545425.4305172,-1030,10.197454452514648
1786545425.5305126,-1030,10.197454452514648
1786545425.6305118,-1030,10.197454452514648
1786545425.7300236,-1030,10.197454452514648
1786545425.8301377,10,10.197454452514648
1786545425.9304912,10,49.24349594116211
1786545426.030521,10,49.24349594116211
1786545426.1304495,10,49.24349594116211
1786545426.23051,10,49.24349594116211
1786545426.330115,138,7.982703685760498
1786545426.430549,138,7.982703685760498
1786545426.5305078,138,7.982703685760498
1786545426.6304402,138,7.982703685760498
1786545426.7304938,138,7.982703685760498
1786545426.8301036,1444,7.982703685760498
1786545426.9304948,1444,64.13096618652344
1786545427.0304506,1444,64.13096618652344
1786545427.1304543,1444,64.13096618652344
1786545427.2302196,1444,64.13096618652344
1786545427.3302357,2072,64.13096618652344
1786545427.4301984,2072,30.554115295410156
1786545427.5301325,2072,30.554115295410156
1786545427.630497,2072,30.554115295410156
1786545427.7302222,2072,30.554115295410156
1786545427.8302088,2193,30.554115295410156
1786545427.9305768,2193,5.394304275512695
1786545428.030446,2193,5.394304275512695
1786545428.130021,2193,5.394304275512695
1786545428.2300255,2193,5.394304275512695
1786545428.3304493,2804,5.394304275512695
1786545428.4305031,2804,31.655792236328125
1786545428.5305195,2804,31.655792236328125
1786545428.6305256,2804,31.655792236328125
1786545428.7303455,2804,31.655792236328125
1786545428.8298523,2926,4.635314464569092
1786545428.9302564,2926,4.635314464569092
1786545429.0304592,2926,4.635314464569092
1786545429.1302829,2926,4.635314464569092
1786545429.2305582,2926,4.635314464569092
1786545429.3302233,2926,4.635314464569092
1786545429.430241,2926,0.0
1786545429.530205,2926,0.0
1786545429.6301305,2926,0.0
1786545429.730432,2926,0.0
1786545429.8299718,2926,0.0
1786545429.9302192,2926,0.0
1786545430.030334,2926,0.0
1786545430.1301837,2926,0.0
1786545430.2305357,2926,0.0
1786545430.3305333,2926,0.0
1786545430.4305189,2926,0.0
1786545430.5302913,2926,0.0
1786545430.6304076,2926,0.0
1786545430.7305143,2926,0.0
1786545430.8305016,2926,0.0
1786545430.930114,2926,0.0
1786545431.0305607,2926,0.0
1786545431.1304402,2926,0.0
1786545431.2304146,2926,0.0
1786545431.3305762,2926,0.0
1786545431.4302957,2926,0.0
1786545431.530525,2926,0.0
1786545431.630199,2926,0.0
1786545431.7305164,2926,0.0
1786545431.8302228,2926,0.0
1786545431.9305167,2926,0.0
1786545432.0300248,2926,0.0
1786545432.130474,2926,0.0
1786545432.2303708,2926,0.0
1786545432.3301132,2926,0.0
1786545432.4300632,2926,0.0
1786545432.530134,2926,0.0
1786545432.6302884,2926,0.0
1786545432.730553,2926,0.0
1786545432.830225,2926,0.0
1786545432.9304438,2926,0.0
1786545433.0300145,2926,0.0
1786545433.1300519,2926,0.0
1786545433.2304482,2926,0.0
1786545433.3300896,2926,0.0
1786545433.4304426,2926,0.0
1786545433.5302103,2926,0.0
1786545433.630292,2926,0.0
1786545433.7301226,2926,0.0
1786545433.8301842,2926,0.0
1786545433.9301968,2926,0.0
1786545434.03052,2926,0.0
1786545434.1301692,2926,0.0
1786545434.2302108,2926,0.0
1786545434.3300433,2926,0.0
1786545434.430521,2926,0.0
1786545434.5300252,2926,0.0
1786545434.6303537,2926,0.0
1786545434.7301986,2926,0.0
1786545434.8301625,2926,0.0
1786545434.9302366,2926,0.0
1786545435.0301483,2926,0.0
1786545435.1308072,2926,0.0
1786545435.230041,2926,0.0
1786545435.330244,2926,0.0
1786545435.430038,2926,0.0
1786545435.5305202,2926,0.0
1786545435.6305304,2926,0.0
1786545435.730127,2926,0.0
1786545435.830126,2926,0.0
1786545435.9303763,2926,0.0
1786545436.0302188,2926,0.0
1786545436.1300943,2926,0.0
1786545436.2302184,2926,0.0
1786545436.3299937,2926,0.0
1786545436.430404,2926,0.0
1786545436.5301251,2926,0.0
1786545436.6301465,2926,0.0
1786545436.730157,2926,0.0
1786545436.829916,2926,0.0
1786545436.930528,2926,0.0
1786545437.0307148,2926,0.0
1786545437.1301458,2926,0.0
1786545437.2301505,2926,0.0
1786545437.3300638,2926,0.0
1786545437.430429,2926,0.0
1786545437.5302002,2926,0.0
1786545437.63057,2926,0.0
1786545437.7301579,2926,0.0
1786545437.8301675,2926,0.0
1786545437.9301262,2926,0.0
1786545438.0302005,2926,0.0
1786545438.130139,2926,0.0
1786545438.2302036,2926,0.0
1786545438.3298645,2926,0.0
1786545438.4301498,2926,0.0
1786545438.5308738,2926,0.0
1786545438.6301575,2926,0.0
1786545438.7301476,2926,0.0
1786545438.8306146,2926,0.0
1786545438.930692,2926,0.0
1786545439.0304494,2926,0.0
1786545439.1303976,2926,0.0
1786545439.2304552,2926,0.0
1786545439.3300908,2926,0.0
1786545439.430386,2926,0.0
1786545439.5302145,2926,0.0
1786545439.630119,2926,0.0
1786545439.7301261,2926,0.0
1786545439.8302011,2926,0.0
1786545439.9305675,2926,0.0
1786545440.0306334,2926,0.0
1786545440.1301672,2926,0.0
1786545440.2302556,2926,0.0
1786545440.3305485,2926,0.0
1786545440.4304295,2926,0.0
1786545440.5305758,2926,0.0
1786545440.630158,2926,0.0
1786545440.7305155,2926,0.0
1786545440.8306818,2926,0.0
1786545440.9302137,2926,0.0
1786545441.0304499,2926,0.0
1786545441.1301186,2926,0.0
1786545441.2304533,2926,0.0
1786545441.3301868,2926,0.0
1786545441.430137,2926,0.0
1786545441.5305343,2926,0.0
1786545441.6304433,2926,0.0
1786545441.7301438,2926,0.0
1786545441.8301187,2926,0.0
1786545441.9302235,2926,0.0
1786545442.030449,2926,0.0
1786545442.1302102,2926,0.0
1786545442.2304401,2926,0.0
1786545442.3301215,2926,0.0
1786545442.430497,2926,0.0
1786545442.530063,2926,0.0
1786545442.630439,2926,0.0
1786545442.7303023,2926,0.0
1786545442.830129,2926,0.0
1786545442.930517,2926,0.0
1786545443.030527,2926,0.0
1786545443.13037,2926,0.0
1786545443.2304492,2926,0.0
1786545443.3301404,2926,0.0
1786545443.43045,2926,0.0
1786545443.530121,2926,0.0
1786545443.6303592,2926,0.0
1786545443.7302766,2926,0.0
1786545443.830197,2926,0.0
1786545443.9305444,2926,0.0
1786545444.0302,2926,0.0
1786545444.1301208,2926,0.0
1786545444.2305174,2926,0.0
1786545444.330192,2926,0.0
1786545444.430155,2926,0.0
1786545444.5301492,2926,0.0
1786545444.6301346,2926,0.0
1786545444.7301154,2926,0.0
1786545444.8299248,2926,0.0
1786545444.9301095,2926,0.0
1786545445.0301208,2926,0.0
1786545445.1301408,2926,0.0
1786545445.2303467,2926,0.0
1786545445.330056,2926,0.0
1786545445.4301965,2926,0.0
1786545445.5305042,2926,0.0
1786545445.6305223,2926,0.0
1786545445.7305086,2926,0.0
1786545445.830645,2926,0.0
1786545445.9305377,2926,0.0
1786545446.0301602,2926,0.0
1786545446.1304522,2926,0.0
1786545446.2301219,2926,0.0
1786545446.3301353,2926,0.0
1786545446.4304347,2926,0.0
1786545446.5302048,2926,0.0
1786545446.6301558,2926,0.0
1786545446.7305102,2926,0.0
1786545446.8302028,2926,0.0
1786545446.9305203,2926,0.0
1786545447.0304673,2926,0.0
1786545447.1301243,2926,0.0
1786545447.230141,2926,0.0
1786545447.3308365,2926,0.0
1786545447.4301872,2926,0.0
1786545447.530528,2926,0.0
1786545447.6302016,2926,0.0
1786545447.730599,2926,0.0
1786545447.830041,2926,0.0
1786545447.930106,2926,0.0
1786545448.0299976,2926,0.0
1786545448.1301,2926,0.0
1786545448.2303905,2926,0.0
1786545448.3305054,2926,0.0
1786545448.4302497,2926,0.0
1786545448.5303836,2926,0.0
1786545448.6305473,2926,0.0
1786545448.7305202,2926,0.0
1786545448.8301315,2926,0.0
1786545448.9305346,2926,0.0
1786545449.030458,2926,0.0
1786545449.130429,2926,0.0
1786545449.2305365,2926,0.0
1786545449.3300598,2926,0.0
1786545449.4305682,2926,0.0
1786545449.530514,2926,0.0
1786545449.6305482,2926,0.0
1786545449.7301505,2926,0.0
1786545449.830861,2926,0.0
1786545449.9302166,2926,0.0
1786545450.0305512,2926,0.0
1786545450.1302207,2926,0.0
1786545450.2304418,2926,0.0
1786545450.3300564,2926,0.0
1786545450.4304705,2926,0.0
1786545450.5301204,2926,0.0
1786545450.6303983,2926,0.0
1786545450.7300951,2926,0.0
1786545450.8304594,2926,0.0
1786545450.9301186,2926,0.0
1786545451.030342,2926,0.0
1786545451.1300592,2926,0.0
1786545451.2304945,2926,0.0
1786545451.330121,2926,0.0
1786545451.430444,2926,0.0
1786545451.5302014,2926,0.0
1786545451.6305404,2926,0.0
1786545451.7304947,2926,0.0
1786545451.830364,2926,0.0
1786545451.9300253,2926,0.0
1786545452.0304039,2926,0.0
1786545452.1301177,2926,0.0
1786545452.2302299,2926,0.0
1786545452.33013,2926,0.0
1786545452.4301813,2926,0.0
1786545452.5303683,2926,0.0
1786545452.630515,2926,0.0
1786545452.7304347,2926,0.0
1786545452.830502,2926,0.0
1786545452.9303813,2926,0.0
1786545453.0304475,2926,0.0
1786545453.1302097,2926,0.0
1786545453.2304919,2926,0.0
1786545453.3301435,2926,0.0
1786545453.4305077,2926,0.0
1786545453.5301297,2926,0.0
1786545453.6304445,2926,0.0
1786545453.730374,2926,0.0
1786545453.8301191,2926,0.0
1786545453.93006,2926,0.0
1786545454.030219,2926,0.0
1786545454.130096,2926,0.0
1786545454.2301865,2926,0.0
1786545454.3301263,2926,0.0
1786545454.430096,2926,0.0
1786545454.5301104,2926,0.0
1786545454.630087,2926,0.0
1786545454.730406,2926,0.0
1786545454.8299541,2926,0.0
1786545454.9302127,2926,0.0
1786545455.030546,2926,0.0
1786545455.1301587,2926,0.0
1786545455.2302196,2926,0.0
1786545455.3305078,2926,0.0
1786545455.4302275,2926,0.0
1786545455.5305202,2926,0.0
1786545455.630219,2926,0.0
1786545455.7304099,2926,0.0
1786545455.8300858,2926,0.0
1786545455.9305131,2926,0.0
1786545456.0302784,2926,0.0
1786545456.1302142,2926,0.0
1786545456.2305152,2926,0.0
1786545456.3301952,2926,0.0
1786545456.4301896,2926,0.0
1786545456.5305114,2926,0.0
1786545456.6305075,2926,0.0
1786545456.7303495,2926,0.0
1786545456.830326,2926,0.0
1786545456.9305124,2926,0.0
1786545457.030451,2926,0.0
1786545457.13051,2926,0.0
1786545457.2301915,2926,0.0
1786545457.3302002,2926,0.0
1786545457.4303887,2926,0.0
1786545457.5305538,2926,0.0
1786545457.6305125,2926,0.0
1786545457.7305534,2926,0.0
1786545457.8303764,2926,0.0
1786545457.9305387,2926,0.0
1786545458.0307653,2926,0.0
1786545458.1301262,2926,0.0
1786545458.2305615,2926,0.0
1786545458.3299491,2926,0.0
1786545458.4301023,2926,0.0
1786545458.5301065,2926,0.0
1786545458.6301017,2926,0.0
1786545458.7300906,2926,0.0
1786545458.8299234,2926,0.0
1786545458.9303167,2926,0.0
1786545459.030446,2926,0.0
1786545459.1301181,2926,0.0
1786545459.2303958,2926,0.0
1786545459.3301783,2926,0.0
1786545459.4302847,2926,0.0
1786545459.5300925,2926,0.0
1786545459.6304164,2926,0.0
1786545459.730209,2926,0.0
1786545459.8303573,2926,0.0
1786545459.9300447,2926,0.0
1786545460.030107,2926,0.0
1786545460.1302385,2926,0.0
1786545460.230489,2926,0.0
1786545460.3301191,2926,0.0
1786545460.4305303,2926,0.0
1786545460.5305197,2926,0.0
1786545460.6305006,2926,0.0
1786545460.730869,2926,0.0
1786545460.8300946,2926,0.0
1786545460.93012,2926,0.0
1786545461.0305064,2926,0.0
1786545461.1304483,2926,0.0
1786545461.2304564,2926,0.0
1786545461.3305562,2926,0.0
1786545461.4305015,2926,0.0
1786545461.5305169,2926,0.0
1786545461.6305203,2926,0.0
1786545461.7305086,2926,0.0
1786545461.8305376,2926,0.0
1786545461.9304636,2926,0.0
1786545462.030447,2926,0.0
1786545462.1300552,2926,0.0
1786545462.230079,2926,0.0
1786545462.3301244,2926,0.0
1786545462.4305108,2926,0.0
1786545462.530123,2926,0.0
1786545462.6301246,2926,0.0
1786545462.7303157,2926,0.0
1786545462.8299358,2926,0.0
1786545462.9304495,2926,0.0
1786545463.0301821,2926,0.0
1786545463.1302326,2926,0.0
1786545463.2302792,2926,0.0
1786545463.3299475,2926,0.0
1786545463.430017,2926,0.0
1786545463.530024,2926,0.0
1786545463.6301923,2926,0.0
1786545463.7302232,2926,0.0
1786545463.830018,2926,0.0
1786545463.9300141,2926,0.0
1786545464.0301433,2926,0.0
1786545464.1301565,2926,0.0
1786545464.2303984,2926,0.0
1786545464.3300915,2926,0.0
1786545464.4301503,2926,0.0
1786545464.5304425,2926,0.0
1786545464.6305053,2926,0.0
1786545464.7301862,2926,0.0
1786545464.8301256,2926,0.0
1786545464.9305964,2926,0.0
1786545465.0303094,2926,0.0
1786545465.1300619,2926,0.0
1786545465.2302046,2926,0.0
1786545465.3301895,2926,0.0
1786545465.4300847,2926,0.0
1786545465.530036,2926,0.0
1786545465.6301556,2926,0.0
1786545465.7304535,2926,0.0
1786545465.8308785,2926,0.0
1786545465.9305117,2926,0.0
1786545466.0302227,2926,0.0
1786545466.1305516,2926,0.0
1786545466.2305143,2926,0.0
1786545466.3301163,2926,0.0
1786545466.4302504,2926,0.0
1786545466.5304315,2926,0.0
1786545466.6304646,2926,0.0
1786545466.7302842,2926,0.0
1786545466.8301153,2926,0.0
1786545466.9301562,2926,0.0
1786545467.0301147,2926,0.0
1786545467.1301358,2926,0.0
1786545467.2301126,2926,0.0
1786545467.3301244,2926,0.0
1786545467.4300337,2926,0.0
1786545467.5300987,2926,0.0
1786545467.630509,2926,0.0
1786545467.730142,2926,0.0
1786545467.830188,2926,0.0
1786545467.9301748,2926,0.0
1786545468.0303774,2926,0.0
1786545468.1301038,2926,0.0
1786545468.2304077,2926,0.0
1786545468.3299205,2926,0.0
1786545468.430126,2926,0.0
1786545468.5301166,2926,0.0
1786545468.6304936,2926,0.0
1786545468.7305117,2926,0.0
1786545468.8301375,2926,0.0
1786545468.9302099,2926,0.0
1786545469.0305033,2926,0.0
1786545469.130505,2926,0.0
1786545469.2303948,2926,0.0
1786545469.3301501,2926,0.0
1786545469.4301636,2926,0.0
1786545469.5301526,2926,0.0
1786545469.6305048,2926,0.0
1786545469.7304525,2926,0.0
1786545469.8302228,2926,0.0
1786545469.930153,2926,0.0
1786545470.0301101,2926,0.0
1786545470.1301634,2926,0.0
1786545470.2301066,2926,0.0
1786545470.329923,2926,0.0
1786545470.4302838,2926,0.0
1786545470.5301156,2926,0.0
1786545470.6301064,2926,0.0
1786545470.7301004,2926,0.0
1786545470.8301165,2926,0.0
1786545470.930055,2926,0.0
1786545471.0301125,2926,0.0
1786545471.130114,2926,0.0
1786545471.2300951,2926,0.0
1786545471.3299189,2926,0.0
1786545471.430112,2926,0.0
1786545471.5303023,2926,0.0
1786545471.6300132,2926,0.0
1786545471.7300436,2926,0.0
1786545471.8301454,2926,0.0
1786545471.9303503,2926,0.0
1786545472.0302975,2926,0.0
1786545472.130038,2926,0.0
1786545472.2301474,2926,0.0
1786545472.3301373,2926,0.0
1786545472.429984,2926,0.0
1786545472.5304067,2926,0.0
1786545472.6301773,2926,0.0
1786545472.730453,2926,0.0
1786545472.830392,2926,0.0
1786545472.9303427,2926,0.0
1786545473.0307589,2926,0.0
1786545473.1300225,2926,0.0
1786545473.230076,2926,0.0
1786545473.3306856,2926,0.0
1786545473.4300845,2926,0.0
1786545473.5302994,2926,0.0
1786545473.6300392,2926,0.0
1786545473.7304726,2926,0.0
1786545473.8303683,2926,0.0
1786545473.9303207,2926,0.0
1786545474.0305192,2926,0.0
1786545474.130076,2926,0.0
1786545474.2301714,2926,0.0
1786545474.3301704,2926,0.0
1786545474.4301183,2926,0.0
1786545474.5307674,2926,0.0
1786545474.6303504,2926,0.0
1786545474.730232,2926,0.0
1786545474.8302057,2926,0.0
1786545474.9301786,2926,0.0
1786545475.0304542,2926,0.0
1786545475.130042,2926,0.0
1786545475.2309043,2926,0.0
1786545475.3303216,2926,0.0
1786545475.4302032,2926,0.0
1786545475.5307202,2926,0.0
1786545475.6303067,2926,0.0
1786545475.7302074,2926,0.0
1786545475.8300197,2926,0.0
1786545475.930118,2926,0.0
1786545476.0305314,2926,0.0
1786545476.1302078,2926,0.0
1786545476.2303588,2926,0.0
1786545476.3302433,2926,0.0
1786545476.430184,2926,0.0
1786545476.530641,2926,0.0
1786545476.6304429,2926,0.0
1786545476.7301085,2926,0.0
1786545476.8305206,2926,0.0
1786545476.930127,2926,0.0
1786545477.0305147,2926,0.0
1786545477.130521,2926,0.0
1786545477.2304623,2926,0.0
1786545477.330313,2926,0.0
1786545477.43005,2926,0.0
1786545477.5304534,2926,0.0
1786545477.630442,2926,0.0
1786545477.7305045,2926,0.0
1786545477.8300996,2991,0.0
1786545477.9304435,2991,4.052139759063721
1786545478.030563,2991,4.052139759063721
1786545478.1305127,2991,4.052139759063721
1786545478.2304358,2991,4.052139759063721
1786545478.3298504,3587,4.052139759063721
1786545478.4305167,3587,30.054758071899414
1786545478.53044,3587,30.054758071899414
1786545478.630209,3587,30.054758071899414
1786545478.7305229,3587,30.054758071899414
1786545478.8305883,4313,30.054758071899414
1786545478.9304423,4313,35.38930130004883
1786545479.0305092,4313,35.38930130004883
1786545479.1304514,4313,35.38930130004883
1786545479.2305434,4313,35.38930130004883
1786545479.3299448,5094,35.38930130004883
1786545479.4306319,5094,40.10297775268555
1786545479.5306747,5094,40.10297775268555
1786545479.6305597,5094,40.10297775268555
1786545479.730421,5094,40.10297775268555
1786545479.8308423,5570,40.10297775268555
1786545479.9303944,5570,20.61174201965332
1786545480.030466,5570,20.61174201965332
1786545480.1302004,5570,20.61174201965332
1786545480.2301183,5570,20.61174201965332
1786545480.3299227,4411,-59.58904266357422
1786545480.43009,4411,-59.58904266357422
1786545480.5306122,4411,-59.58904266357422
1786545480.6302102,4411,-59.58904266357422
1786545480.7301972,4411,-59.58904266357422
1786545480.8299327,3188,-59.58904266357422
1786545480.930134,3188,-59.161312103271484
1786545481.0300574,3188,-59.161312103271484
1786545481.1305304,3188,-59.161312103271484
1786545481.2301261,3188,-59.161312103271484
1786545481.3304513,3188,-59.161312103271484
1786545481.430522,2740,-18.22014045715332
1786545481.5304263,2740,-18.22014045715332
1786545481.6305234,2740,-18.22014045715332
1786545481.7301815,2740,-18.22014045715332
1786545481.8304627,3524,-18.22014045715332
1786545481.9305208,3524,42.1182975769043
1786545482.030519,3524,42.1182975769043
1786545482.130509,3524,42.1182975769043
1786545482.230519,3524,42.1182975769043
1786545482.330558,3524,42.1182975769043
1786545482.4304774,4617,56.760780334472656
1786545482.530569,4617,56.760780334472656
1786545482.6304593,4617,56.760780334472656
1786545482.7305105,4617,56.760780334472656
1786545482.8301127,5580,56.760780334472656
1786545482.9302356,5580,44.71720504760742
1786545483.030194,5580,44.71720504760742
1786545483.130588,5580,44.71720504760742
1786545483.2301314,5580,44.71720504760742
1786545483.3302293,5440,44.71720504760742
1786545483.430436,5440,-9.63530445098877
1786545483.5305486,5440,-9.63530445098877
1786545483.6302273,5440,-9.63530445098877
1786545483.730207,5440,-9.63530445098877
1786545483.8301117,4289,-9.63530445098877
1786545483.930226,4289,-58.471195220947266
1786545484.0305598,4289,-58.471195220947266
1786545484.13052,4289,-58.471195220947266
1786545484.230216,4289,-58.471195220947266
1786545484.3301759,3088,-58.471195220947266
1786545484.4305427,3088,-57.9816780090332
1786545484.5302026,3088,-57.9816780090332
1786545484.6305537,3088,-57.9816780090332
1786545484.7301126,3088,-57.9816780090332
1786545484.8306158,2288,-57.9816780090332
1786545484.930127,2288,-44.12398910522461
1786545485.0304687,2288,-44.12398910522461
1786545485.1306603,2288,-44.12398910522461
1786545485.2305074,2288,-44.12398910522461
1786545485.3301818,2288,-44.12398910522461
1786545485.4303908,1697,-33.59880447387695
1786545485.5304544,1697,-33.59880447387695
1786545485.6304507,1697,-33.59880447387695
1786545485.730516,1697,-33.59880447387695
1786545485.8306537,990,-33.59880447387695
1786545485.930508,990,-28.165851593017578
1786545486.0304973,990,-28.165851593017578
1786545486.1305122,990,-28.165851593017578
1786545486.230518,990,-28.165851593017578
1786545486.3302097,1036,-28.165851593017578
1786545486.430453,1036,14.358296394348145
1786545486.5305316,1036,14.358296394348145
1786545486.630516,1036,14.358296394348145
1786545486.7305188,1036,14.358296394348145
1786545486.829772,2514,67.8489990234375
1786545486.930518,2514,67.8489990234375
1786545487.0305216,2514,67.8489990234375
1786545487.1305447,2514,67.8489990234375
1786545487.2305143,2514,67.8489990234375
1786545487.3298512,3556,67.8489990234375
1786545487.4305427,3556,56.3745231628418
1786545487.5305133,3556,56.3745231628418
1786545487.6304543,3556,56.3745231628418
1786545487.730486,3556,56.3745231628418
1786545487.8301013,4927,56.3745231628418
1786545487.9304988,4927,63.5802116394043
1786545488.030545,4927,63.5802116394043
1786545488.1302075,4927,63.5802116394043
1786545488.2301233,4927,63.5802116394043
1786545488.3307507,4927,63.5802116394043
1786545488.4304655,4926,63.5802116394043
1786545488.530025,4926,-0.04188530892133713
1786545488.6300836,4926,-0.04188530892133713
1786545488.730156,4926,-0.04188530892133713
1786545488.8300939,4926,-0.04188530892133713
1786545488.930441,4926,0.0
1786545489.030059,4926,0.0
1786545489.1302536,4926,0.0
1786545489.2301326,4926,0.0
1786545489.329906,4926,0.0
1786545489.4300358,4926,0.0
1786545489.530345,4926,0.0
1786545489.6300304,4926,0.0
1786545489.7301238,4926,0.0
1786545489.8299265,4926,0.0
1786545489.9301295,4926,0.0
1786545490.0300894,4926,0.0
1786545490.1304367,4926,0.0
1786545490.2301526,4926,0.0
1786545490.3301778,4926,0.0
1786545490.4305103,4926,0.0
1786545490.5305064,4926,0.0
1786545490.6305027,4926,0.0
1786545490.7303317,4926,0.0
1786545490.8301136,4926,0.0
1786545490.93046,4926,0.0
1786545491.0301225,4926,0.0
1786545491.1304955,4926,0.0
1786545491.2305052,4926,0.0
1786545491.3305418,4926,0.0
1786545491.4305885,4926,0.0
1786545491.530504,4926,0.0
1786545491.6303334,4926,0.0
1786545491.7305954,4926,0.0
1786545491.8301852,4926,0.0
1786545491.9302192,4926,0.0
1786545492.0302122,4926,0.0
1786545492.130562,4926,0.0
1786545492.2306268,4926,0.0
1786545492.3301356,4733,0.0
1786545492.4305403,4733,-12.364763259887695
1786545492.5302289,4733,-12.364763259887695
1786545492.6305416,4733,-12.364763259887695
1786545492.730383,4733,-12.364763259887695
1786545492.8304386,3491,-12.364763259887695
1786545492.9301376,3491,-59.891822814941406
1786545493.0304575,3491,-59.891822814941406
1786545493.1302154,3491,-59.891822814941406
1786545493.2306519,3491,-59.891822814941406
1786545493.330354,2780,-59.891822814941406
1786545493.4304926,2780,-35.79458999633789
1786545493.530205,2780,-35.79458999633789
1786545493.6305108,2780,-35.79458999633789
1786545493.7301419,2780,-35.79458999633789
1786545493.8302155,2296,-35.79458999633789
1786545493.9300992,2296,-23.09305191040039
1786545494.030461,2296,-23.09305191040039
1786545494.1304548,2296,-23.09305191040039
1786545494.2304678,2296,-23.09305191040039
1786545494.3301015,2296,-23.09305191040039
1786545494.4305449,2306,0.8533539175987244
1786545494.530179,2306,0.8533539175987244
1786545494.6305542,2306,0.8533539175987244
1786545494.7304513,2306,0.8533539175987244
1786545494.830137,2307,0.8533539175987244
1786545494.9305282,2307,0.0
1786545495.0305042,2307,0.0
1786545495.1304533,2307,0.0
1786545495.2305353,2307,0.0
1786545495.3305793,2307,0.0
1786545495.430458,2296,-6.641232967376709
1786545495.530453,2296,-6.641232967376709
1786545495.6305966,2296,-6.641232967376709
1786545495.730541,2296,-6.641232967376709
1786545495.830192,78,-6.641232967376709
1786545495.9304707,78,-116.99618530273438
1786545496.0305576,78,-116.99618530273438
1786545496.1304219,78,-116.99618530273438
1786545496.2302139,78,-116.99618530273438
1786545496.3302011,-365,-116.99618530273438
1786545496.4305394,-365,-21.08206558227539
1786545496.5304658,-365,-21.08206558227539
1786545496.6305466,-365,-21.08206558227539
1786545496.7304356,-365,-21.08206558227539
1786545496.830285,-164,-21.08206558227539
1786545496.9304552,-164,12.936306953430176
1786545497.0302167,-164,12.936306953430176
1786545497.1304574,-164,12.936306953430176
1786545497.2308743,-164,12.936306953430176
1786545497.3301313,2250,122.4346694946289
1786545497.4304535,2250,122.4346694946289
1786545497.5303135,2250,122.4346694946289
1786545497.6301286,2250,122.4346694946289
1786545497.7304754,2250,122.4346694946289
1786545497.830121,2250,122.4346694946289
1786545497.9301238,3171,42.502174377441406
1786545498.0300975,3171,42.502174377441406
1786545498.13045,3171,42.502174377441406
1786545498.2302048,3171,42.502174377441406
1786545498.3303962,3152,42.502174377441406
1786545498.4305146,3152,-1.0856393575668335
1786545498.5304704,3152,-1.0856393575668335
1786545498.630386,3152,-1.0856393575668335
1786545498.7300956,3152,-1.0856393575668335
1786545498.8298495,3152,-1.0856393575668335
1786545498.9305484,3152,0.0
1786545499.0305355,3152,0.0
1786545499.1304622,3152,0.0
1786545499.230515,3152,0.0
1786545499.329885,3152,0.0
1786545499.4304402,3152,0.0
1786545499.5305228,3152,0.0
1786545499.6302016,3152,0.0
1786545499.7304997,3152,0.0
1786545499.8301337,3152,0.0
1786545499.9302235,3152,0.0
1786545500.0305324,3152,0.0
1786545500.130457,3152,0.0
1786545500.230136,3152,0.0
1786545500.3302221,3152,0.0
1786545500.4302185,3152,0.0
1786545500.5305116,3152,0.0
1786545500.6301644,3152,0.0
1786545500.7304873,3152,0.0
1786545500.8301866,3152,0.0
1786545500.9304395,3152,0.0
1786545501.0303252,3152,0.0
1786545501.1301239,3152,0.0
1786545501.2304525,3152,0.0
1786545501.3299055,3152,0.0
1786545501.4305093,3152,0.0
1786545501.5300984,3152,0.0
1786545501.63011,3152,0.0
1786545501.730105,3152,0.0
1786545501.8299282,3152,0.0
1786545501.9300995,3152,0.0
1786545502.0301242,3152,0.0
1786545502.1300807,3152,0.0
1786545502.2301342,3152,0.0
1786545502.3298774,3152,0.0
1786545502.430222,3152,0.0
1786545502.5304396,3152,0.0
1786545502.6304853,3152,0.0
1786545502.7302115,3152,0.0
1786545502.8304558,3152,0.0
1786545502.9305086,3152,0.0
1786545503.0305278,3152,0.0
1786545503.1302266,3152,0.0
1786545503.23045,3152,0.0
1786545503.330501,3152,0.0
1786545503.4305415,3152,0.0
1786545503.5304627,3152,0.0
1786545503.6304567,3152,0.0
1786545503.730493,3152,0.0
1786545503.8301282,3152,0.0
1786545503.930542,3152,0.0
1786545504.0301485,3152,0.0
1786545504.1301975,3152,0.0
1786545504.230443,3152,0.0
1786545504.3301456,3152,0.0
1786545504.4301207,3152,0.0
1786545504.5305347,3152,0.0
1786545504.6304588,3152,0.0
1786545504.730553,3152,0.0
1786545504.830227,3152,0.0
1786545504.930522,3152,0.0
1786545505.0301228,3152,0.0
1786545505.1305451,3152,0.0
1786545505.2305243,3152,0.0
1786545505.3305013,3152,0.0
1786545505.430533,3152,0.0
1786545505.5305066,3152,0.0
1786545505.6301315,3152,0.0
1786545505.730484,3152,0.0
1786545505.8301184,3152,0.0
1786545505.9302177,3152,0.0
1786545506.0304348,3152,0.0
1786545506.130094,3152,0.0
1786545506.2304401,3152,0.0
1786545506.33053,3152,0.0
1786545506.430013,3152,0.0
1786545506.5304441,3152,0.0
1786545506.6305082,3152,0.0
1786545506.73048,3152,0.0
1786545506.8301632,3152,0.0
1786545506.9305463,3152,0.0
1786545507.030513,3152,0.0
1786545507.1305087,3152,0.0
1786545507.2302136,3152,0.0
1786545507.3302083,3152,0.0
1786545507.4304843,3152,0.0
1786545507.5304835,3152,0.0
1786545507.6304498,3152,0.0
1786545507.7301393,3152,0.0
1786545507.8305042,3152,0.0
1786545507.9305224,3152,0.0
1786545508.0305526,3152,0.0
1786545508.1305523,3152,0.0
1786545508.2305326,3152,0.0
1786545508.329988,3152,0.0
1786545508.4301238,3152,0.0
1786545508.5301597,3152,0.0
1786545508.6301935,3152,0.0
1786545508.7305963,3152,0.0
1786545508.8302798,3152,0.0
1786545508.9305177,3152,0.0
1786545509.0304458,3152,0.0
1786545509.1305091,3152,0.0
1786545509.2305174,3152,0.0
1786545509.3302987,3152,0.0
1786545509.430494,3152,0.0
1786545509.5302002,3152,0.0
1786545509.6305308,3152,0.0
1786545509.7305257,3152,0.0
1786545509.8304584,3152,0.0
1786545509.9301488,3152,0.0
1786545510.0305483,3152,0.0
1786545510.1300895,3152,0.0
1786545510.2304673,3152,0.0
1786545510.3300626,3152,0.0
1786545510.4304607,3152,0.0
1786545510.5300837,3152,0.0
1786545510.6305432,3152,0.0
1786545510.7306201,3152,0.0
1786545510.8303256,3152,0.0
1786545510.9301424,3152,0.0
1786545511.0305011,3152,0.0
1786545511.1304507,3152,0.0
1786545511.2304437,3152,0.0
1786545511.3301997,3152,0.0
1786545511.4301972,3152,0.0
1786545511.53062,3152,0.0
1786545511.6305237,3152,0.0
1786545511.7302318,3152,0.0
1786545511.8301246,3152,0.0
1786545511.9304357,3152,0.0
1786545512.0305068,3152,0.0
1786545512.1304512,3152,0.0
1786545512.2304523,3152,0.0
1786545512.3304417,3152,0.0
1786545512.4302216,3152,0.0
1786545512.53063,3152,0.0
1786545512.6304407,3152,0.0
1786545512.7301264,3152,0.0
1786545512.8302798,3152,0.0
1786545512.930517,3152,0.0
1786545513.0305133,3152,0.0
1786545513.130479,3152,0.0
1786545513.2305653,3152,0.0
1786545513.330139,3152,0.0
1786545513.4301426,3152,0.0
1786545513.5301425,3152,0.0
1786545513.6305656,3152,0.0
1786545513.730395,3152,0.0
1786545513.8301792,3152,0.0
1786545513.9304376,3152,0.0
1786545514.0302901,3152,0.0
1786545514.130508,3152,0.0
1786545514.2301264,3152,0.0
1786545514.3298547,3152,0.0
1786545514.430446,3152,0.0
1786545514.5301929,3152,0.0
1786545514.6300178,3152,0.0
1786545514.730502,3152,0.0
1786545514.8306167,3152,0.0
1786545514.930238,3152,0.0
1786545515.0302384,3152,0.0
1786545515.1305134,3152,0.0
1786545515.2304614,3152,0.0
1786545515.3305516,3152,0.0
1786545515.430505,3152,0.0
1786545515.530131,3152,0.0
1786545515.6305118,3152,0.0
1786545515.7301896,3152,0.0
1786545515.8302276,3152,0.0
1786545515.9305046,3152,0.0
1786545516.0305102,3152,0.0
1786545516.1302161,3152,0.0
1786545516.230519,3152,0.0
1786545516.3302283,3152,0.0
1786545516.4301763,3152,0.0
1786545516.5304408,3152,0.0
1786545516.6302106,3152,0.0
1786545516.7302303,3152,0.0
1786545516.830442,3152,0.0
1786545516.9305437,3152,0.0
1786545517.0305316,3152,0.0
1786545517.1302168,3152,0.0
1786545517.2301333,3152,0.0
1786545517.330114,3152,0.0
1786545517.43051,3152,0.0
1786545517.531791,3152,0.0
1786545517.6305206,3152,0.0
1786545517.7305448,3152,0.0
1786545517.8301516,3152,0.0
1786545517.9302108,3152,0.0
1786545518.0305226,3152,0.0
1786545518.130517,3152,0.0
1786545518.2305157,3152,0.0
1786545518.3304944,3152,0.0
1786545518.430508,3152,0.0
1786545518.529998,3152,0.0
1786545518.6304379,3152,0.0
1786545518.7301059,3152,0.0
1786545518.8298652,3152,0.0
1786545518.9304428,3152,0.0
1786545519.030145,3152,0.0
1786545519.1301875,3152,0.0
1786545519.2304971,3152,0.0
1786545519.330088,3152,0.0
1786545519.4305534,3152,0.0
1786545519.5306444,3152,0.0
1786545519.6305137,3152,0.0
1786545519.7305226,3152,0.0
1786545519.8301463,3152,0.0
1786545519.9305053,3152,0.0
1786545520.0305088,3152,0.0
1786545520.1305156,3152,0.0
1786545520.2305093,3152,0.0
1786545520.3302011,3152,0.0
1786545520.4300358,3152,0.0
1786545520.5301495,3152,0.0
1786545520.6304877,3152,0.0
1786545520.7302284,3152,0.0
1786545520.8305073,3152,0.0
1786545520.9306457,3152,0.0
1786545521.0305247,3152,0.0
1786545521.1305227,3152,0.0
1786545521.230254,3152,0.0
1786545521.3297977,3152,0.0
1786545521.4304323,3152,0.0
1786545521.5301175,3152,0.0
1786545521.6305099,3152,0.0
1786545521.7305536,3152,0.0
1786545521.830148,3152,0.0
1786545521.9304988,3152,0.0
1786545522.0301013,3152,0.0
1786545522.1305087,3152,0.0
1786545522.2301886,3152,0.0
1786545522.3305008,3152,0.0
1786545522.430211,3152,0.0
1786545522.5301533,3152,0.0
1786545522.6301563,3152,0.0
1786545522.7302194,3152,0.0
1786545522.8299022,3152,0.0
1786545522.9305007,3152,0.0
1786545523.03052,3152,0.0
1786545523.13051,3152,0.0
1786545523.2304525,3152,0.0
1786545523.3303115,3152,0.0
1786545523.430194,3152,0.0
1786545523.5302122,3152,0.0
1786545523.6305163,3152,0.0
1786545523.7304857,3152,0.0
1786545523.830202,3152,0.0
1786545523.9302104,3152,0.0
1786545524.0301142,3152,0.0
1786545524.1305194,3152,0.0
1786545524.2304437,3152,0.0
1786545524.3301344,3152,0.0
1786545524.4304547,3152,0.0
1786545524.5304546,3152,0.0
1786545524.6304374,3152,0.0
1786545524.7305372,3152,0.0
1786545524.8300014,3152,0.0
1786545524.9304738,3152,0.0
1786545525.0305605,3152,0.0
1786545525.1304605,3152,0.0
1786545525.2304485,3152,0.0
1786545525.3308268,3152,0.0
1786545525.43055,3152,0.0
1786545525.5305073,3152,0.0
1786545525.6304145,3152,0.0
1786545525.7303772,3152,0.0
1786545525.8301952,3152,0.0
1786545525.9302468,3152,0.0
1786545526.0303664,3152,0.0
1786545526.1302648,3152,0.0
1786545526.230525,3152,0.0
1786545526.330194,3152,0.0
1786545526.4301841,3152,0.0
1786545526.5301356,3152,0.0
1786545526.630557,3152,0.0
1786545526.7305255,3152,0.0
1786545526.8301334,3152,0.0
1786545526.9300277,3152,0.0
1786545527.0305443,3152,0.0
1786545527.1305661,3152,0.0
1786545527.23052,3152,0.0
1786545527.3302255,3152,0.0
1786545527.4301698,3152,0.0
1786545527.5305212,3152,0.0
1786545527.6305153,3152,0.0
1786545527.730503,3152,0.0
1786545527.8302026,3152,0.0
1786545527.9305184,3152,0.0
1786545528.0305076,3152,0.0
1786545528.130442,3152,0.0
1786545528.2304409,3152,0.0
1786545528.3302145,3152,0.0
1786545528.4301283,3152,0.0
1786545528.5302222,3152,0.0
1786545528.6304686,3152,0.0
1786545528.7305014,3152,0.0
1786545528.830097,3152,0.0
1786545528.9302523,3152,0.0
1786545529.030544,3152,0.0
1786545529.1303968,3152,0.0
1786545529.2302146,3152,0.0
1786545529.3301647,3152,0.0
1786545529.4305124,3152,0.0
1786545529.5303118,3152,0.0
1786545529.6302845,3152,0.0
1786545529.7300985,3152,0.0
1786545529.8304267,3152,0.0
1786545529.9304469,3152,0.0
1786545530.0301397,3152,0.0
1786545530.1303403,3152,0.0
1786545530.230203,3152,0.0
1786545530.3301387,3152,0.0
1786545530.4301233,3152,0.0
1786545530.5300548,3152,0.0
1786545530.6301863,3152,0.0
1786545530.7301316,3152,0.0
1786545530.8302202,3152,0.0
1786545530.9301715,3152,0.0
1786545531.0300975,3152,0.0
1786545531.1300974,3152,0.0
1786545531.230151,3152,0.0
1786545531.330189,3152,0.0
1786545531.430524,3152,0.0
1786545531.5305488,3152,0.0
1786545531.630557,3152,0.0
1786545531.730485,3152,0.0
1786545531.8301544,3152,0.0
1786545531.9306445,3152,0.0
1786545532.0305252,3152,0.0
1786545532.1305556,3152,0.0
1786545532.2305136,3152,0.0
1786545532.3300838,3152,0.0
1786545532.4305167,3152,0.0
1786545532.530548,3152,0.0
1786545532.6302207,3152,0.0
1786545532.7302122,3152,0.0
1786545532.8300977,3152,0.0
1786545532.9305182,3152,0.0
1786545533.0304465,3152,0.0
1786545533.1305532,3152,0.0
1786545533.2305133,3152,0.0
1786545533.329813,3152,0.0
1786545533.4305115,3152,0.0
1786545533.5305169,3152,0.0
1786545533.6305132,3152,0.0
1786545533.7303581,3152,0.0
1786545533.8304393,3152,0.0
1786545533.9305153,3152,0.0
1786545534.030413,3152,0.0
1786545534.1304557,3152,0.0
1786545534.2301126,3152,0.0
1786545534.3300898,3152,0.0
1786545534.4304504,3152,0.0
1786545534.530218,3152,0.0
1786545534.6304467,3152,0.0
1786545534.7302067,3152,0.0
1786545534.830186,3152,0.0
1786545534.9301324,3152,0.0
1786545535.030218,3152,0.0
1786545535.1300225,3152,0.0
1786545535.2304447,3152,0.0
1786545535.3301332,3152,0.0
1786545535.430446,3152,0.0
1786545535.5302436,3152,0.0
1786545535.6304855,3152,0.0
1786545535.7302263,3152,0.0
1786545535.830596,3152,0.0
1786545535.9305224,3152,0.0
1786545536.0304623,3152,0.0
1786545536.1306357,3152,0.0
1786545536.230517,3152,0.0
1786545536.33022,3152,0.0
1786545536.4304078,3152,0.0
1786545536.530192,3152,0.0
1786545536.630523,3152,0.0
1786545536.7301948,3152,0.0
1786545536.8302264,3152,0.0
1786545536.930567,3152,0.0
1786545537.0305188,3152,0.0
1786545537.1303782,3152,0.0
1786545537.230529,3152,0.0
1786545537.3302085,3152,0.0
1786545537.430523,3152,0.0
1786545537.5305233,3152,0.0
1786545537.6304436,3152,0.0
1786545537.7305577,3152,0.0
1786545537.8301136,3152,0.0
1786545537.9304473,3152,0.0
1786545538.0305653,3152,0.0
1786545538.130554,3152,0.0
1786545538.2302334,3152,0.0
1786545538.3301868,3152,0.0
1786545538.4305632,3152,0.0
1786545538.5305154,3152,0.0
1786545538.6304476,3152,0.0
1786545538.730513,3152,0.0
1786545538.8301532,3152,0.0
1786545538.9300165,3152,0.0
1786545539.0301166,3152,0.0
1786545539.130474,3152,0.0
1786545539.2301254,3152,0.0
1786545539.3301528,3152,0.0
1786545539.4302835,3152,0.0
1786545539.5301616,3152,0.0
1786545539.6301296,3152,0.0
1786545539.7301211,3152,0.0
1786545539.8302164,3152,0.0
1786545539.9305537,3152,0.0
1786545540.0301592,3152,0.0
1786545540.1305506,3152,0.0
1786545540.230444,3152,0.0
1786545540.3301907,3152,0.0
1786545540.4305563,3152,0.0
1786545540.5304654,3152,0.0
1786545540.6305082,3152,0.0
1786545540.7302027,3152,0.0
1786545540.830164,3152,0.0
1786545540.9302208,3152,0.0
1786545541.03052,3152,0.0
1786545541.1305208,3152,0.0
1786545541.2304459,3152,0.0
1786545541.3302217,3152,0.0
1786545541.4305255,3152,0.0
1786545541.5305176,3152,0.0
1786545541.6304474,3152,0.0
1786545541.7306392,3152,0.0
1786545541.8302085,3152,0.0
1786545541.9304583,3152,0.0
1786545542.0304568,3152,0.0
1786545542.1302147,3152,0.0
1786545542.2305186,3152,0.0
1786545542.3301566,3152,0.0
1786545542.430192,3152,0.0
1786545542.5301385,3152,0.0
1786545542.6305695,3152,0.0
1786545542.730619,3152,0.0
1786545542.8301203,3152,0.0
1786545542.930115,3152,0.0
1786545543.0305557,3152,0.0
1786545543.1302269,3152,0.0
1786545543.2304473,3152,0.0
1786545543.3302019,3152,0.0
1786545543.4305482,3152,0.0
1786545543.5300775,3152,0.0
1786545543.6305048,3152,0.0
1786545543.7300076,3152,0.0
1786545543.8301306,3152,0.0
1786545543.9302218,3152,0.0
1786545544.0305662,3152,0.0
1786545544.130508,3152,0.0
1786545544.230558,3152,0.0
1786545544.33015,3152,0.0
1786545544.4304411,3152,0.0
1786545544.5305161,3152,0.0
1786545544.6306646,3152,0.0
1786545544.7301345,3152,0.0
1786545544.8305216,3152,0.0
1786545544.9303102,3152,0.0
1786545545.0305035,3152,0.0
1786545545.1305804,3152,0.0
1786545545.2302134,3152,0.0
1786545545.3304605,3152,0.0
1786545545.4305027,3152,0.0
1786545545.5302074,3152,0.0
1786545545.630528,3152,0.0
1786545545.7304232,3152,0.0
1786545545.8301158,3152,0.0
1786545545.9305465,3152,0.0
1786545546.030454,3152,0.0
1786545546.1304483,3152,0.0
1786545546.230452,3152,0.0
1786545546.33004,3152,0.0
1786545546.4301188,3152,0.0
1786545546.5304542,3152,0.0
1786545546.6304662,3152,0.0
1786545546.7304258,3152,0.0
1786545546.8304374,3152,0.0
1786545546.930513,3152,0.0
1786545547.0304554,3152,0.0
1786545547.1304479,3152,0.0
1786545547.2302027,3152,0.0
1786545547.3305464,3152,0.0
1786545547.430124,3152,0.0
1786545547.5305233,3152,0.0
1786545547.6301215,3152,0.0
1786545547.7305489,3152,0.0
1786545547.829871,3152,0.0
1786545547.9304554,3152,0.0
1786545548.0301428,3152,0.0
1786545548.1305125,3152,0.0
1786545548.2302108,3152,0.0
1786545548.3304706,3152,0.0
1786545548.4301748,3152,0.0
1786545548.5305133,3152,0.0
1786545548.6305506,3152,0.0
1786545548.73049,3152,0.0
1786545548.8302143,3152,0.0
1786545548.9305463,3152,0.0
1786545549.0301352,3152,0.0
1786545549.1301475,3152,0.0
1786545549.2304385,3152,0.0
1786545549.33006,3152,0.0
1786545549.4304984,3152,0.0
1786545549.5305512,3152,0.0
1786545549.6305397,3152,0.0
1786545549.7304235,3152,0.0
1786545549.8302848,3152,0.0
1786545549.930542,3152,0.0
1786545550.0305314,3152,0.0
1786545550.1301126,3152,0.0
1786545550.2304437,3152,0.0
1786545550.3301342,3152,0.0
1786545550.4301262,3152,0.0
1786545550.5305147,3152,0.0
1786545550.6305087,3152,0.0
1786545550.7306597,3152,0.0
1786545550.830452,3152,0.0
1786545550.9303486,3152,0.0
1786545551.0305338,3152,0.0
1786545551.1302063,3152,0.0
1786545551.2304566,3152,0.0
1786545551.3302572,3152,0.0
1786545551.430719,3152,0.0
1786545551.5301907,3152,0.0
1786545551.6304855,3152,0.0
1786545551.7301216,3152,0.0
1786545551.8302128,3152,0.0
1786545551.930149,3152,0.0
1786545552.0304546,3152,0.0
1786545552.130088,3152,0.0
1786545552.2301083,3152,0.0
1786545552.330047,3152,0.0
1786545552.4303842,3152,0.0
1786545552.5304918,3152,0.0
1786545552.6305215,3152,0.0
1786545552.7301564,3152,0.0
1786545552.8301897,3152,0.0
1786545552.9302056,3152,0.0
1786545553.0305145,3152,0.0
1786545553.1305053,3152,0.0
1786545553.230454,3152,0.0
1786545553.3302646,3152,0.0
1786545553.4302318,3152,0.0
1786545553.5304978,3152,0.0
1786545553.6304605,3152,0.0
1786545553.7305362,3152,0.0
1786545553.8304305,3152,0.0
1786545553.9306612,3152,0.0
1786545554.0304391,3152,0.0
1786545554.1305223,3152,0.0
1786545554.230521,3152,0.0
1786545554.3301451,3152,0.0
1786545554.4305663,3152,0.0
1786545554.5303228,3152,0.0
1786545554.6304536,3152,0.0
1786545554.7305295,3152,0.0
1786545554.830216,3152,0.0
1786545554.9305184,3152,0.0
1786545555.0304296,3152,0.0
1786545555.130449,3152,0.0
1786545555.2304444,3152,0.0
1786545555.330878,3152,0.0
1786545555.4301894,3152,0.0
1786545555.5302246,3152,0.0
1786545555.6303184,3152,0.0
1786545555.7307475,3152,0.0
1786545555.830054,3152,0.0
1786545555.930452,3152,0.0
1786545556.0302334,3152,0.0
1786545556.1305132,3152,0.0
1786545556.2301047,3152,0.0
1786545556.3305337,3152,0.0
1786545556.4300954,3152,0.0
1786545556.5304475,3152,0.0
1786545556.6303425,3152,0.0
1786545556.7300897,3152,0.0
1786545556.8301523,3152,0.0
1786545556.9303057,3152,0.0
1786545557.030176,3152,0.0
1786545557.130189,3152,0.0
1786545557.2305112,3152,0.0
1786545557.3301103,3152,0.0
1786545557.4305093,3152,0.0
1786545557.5305495,3152,0.0
1786545557.6305182,3152,0.0
1786545557.7305102,3152,0.0
1786545557.830191,3152,0.0
1786545557.9302433,3152,0.0
1786545558.030457,3152,0.0
1786545558.130504,3152,0.0
1786545558.2302368,3152,0.0
1786545558.3302045,3152,0.0
1786545558.430591,3152,0.0
1786545558.5302043,3152,0.0
1786545558.6305153,3152,0.0
1786545558.7302132,3152,0.0
1786545558.8298512,3152,0.0
1786545558.9304428,3152,0.0
1786545559.0305107,3152,0.0
1786545559.1300766,3152,0.0
1786545559.2301853,3152,0.0
1786545559.3301704,3152,0.0
1786545559.4305089,3152,0.0
1786545559.530301,3152,0.0
1786545559.630517,3152,0.0
1786545559.7301316,3152,0.0
1786545559.8301222,3152,0.0
1786545559.9302762,3152,0.0
1786545560.0305216,3152,0.0
1786545560.130212,3152,0.0
1786545560.230511,3152,0.0
1786545560.3300312,3152,0.0
1786545560.430593,3152,0.0
1786545560.5300481,3152,0.0
1786545560.6305163,3152,0.0
1786545560.7301466,3152,0.0
1786545560.830133,3152,0.0
1786545560.9304066,3152,0.0
1786545561.0304842,3152,0.0
1786545561.1306555,3152,0.0
1786545561.2305045,3152,0.0
1786545561.330452,3152,0.0
1786545561.4302218,3152,0.0
1786545561.5305018,3152,0.0
1786545561.6302004,3152,0.0
1786545561.7305233,3152,0.0
1786545561.8304424,3152,0.0
1786545561.9301546,3152,0.0
1786545562.0301752,3152,0.0
1786545562.1305175,3152,0.0
1786545562.2304528,3152,0.0
1786545562.3302546,3152,0.0
1786545562.4301276,3152,0.0
1786545562.5302045,3152,0.0
1786545562.6301215,3152,0.0
1786545562.7305362,3152,0.0
1786545562.830405,3152,0.0
1786545562.9300265,3152,0.0
1786545563.0300298,3152,0.0
1786545563.1300886,3152,0.0
1786545563.2301183,3152,0.0
1786545563.3305204,3152,0.0
1786545563.43029,3152,0.0
1786545563.5302908,3152,0.0
1786545563.6304507,3152,0.0
1786545563.7304373,3152,0.0
1786545563.8305154,3152,0.0
1786545563.9300776,3152,0.0
1786545564.0301032,3152,0.0
1786545564.130129,3152,0.0
1786545564.2301269,3152,0.0
1786545564.3302064,3152,0.0
1786545564.4300234,3152,0.0
1786545564.5304894,3152,0.0
1786545564.630742,3152,0.0
1786545564.730563,3152,0.0
1786545564.829935,3152,0.0
1786545564.930148,3152,0.0
1786545565.0301173,3152,0.0
1786545565.1302853,3152,0.0
1786545565.2302,3152,0.0
1786545565.3300562,3152,0.0
1786545565.4301417,3152,0.0
1786545565.5301006,3152,0.0
1786545565.6304593,3152,0.0
1786545565.7306724,3152,0.0
1786545565.8299253,3152,0.0
1786545565.9305193,3152,0.0
1786545566.0302439,3152,0.0
1786545566.1301208,3152,0.0
1786545566.2303526,3152,0.0
1786545566.3303213,3152,0.0
1786545566.430046,3152,0.0
1786545566.5302682,3152,0.0
1786545566.630366,3152,0.0
1786545566.730202,3152,0.0
1786545566.8301666,3152,0.0
1786545566.930512,3152,0.0
1786545567.0303006,3152,0.0
1786545567.1301157,3152,0.0
1786545567.230169,3152,0.0
1786545567.3299267,3152,0.0
1786545567.4301207,3152,0.0
1786545567.5303242,3152,0.0
1786545567.6301012,3152,0.0
1786545567.7307394,3152,0.0
1786545567.8301141,3152,0.0
1786545567.9305527,3152,0.0
1786545568.0302105,3152,0.0
1786545568.13022,3152,0.0
1786545568.2301965,3152,0.0
1786545568.3301625,3152,0.0
1786545568.4304452,3152,0.0
1786545568.5302124,3152,0.0
1786545568.6305175,3152,0.0
1786545568.7302506,3152,0.0
1786545568.8308337,3152,0.0
1786545568.9303188,3152,0.0
1786545569.0300927,3152,0.0
1786545569.1300318,3152,0.0
1786545569.230142,3152,0.0
1786545569.3302495,3152,0.0
1786545569.430128,3152,0.0
1786545569.530199,3152,0.0
1786545569.6305165,3152,0.0
1786545569.730519,3152,0.0
1786545569.830209,3152,0.0
1786545569.9305198,3152,0.0
1786545570.0300071,3152,0.0
1786545570.1301286,3152,0.0
1786545570.2304542,3152,0.0
1786545570.3301966,3152,0.0
1786545570.430173,3152,0.0
1786545570.5305107,3152,0.0
1786545570.630893,3152,0.0
1786545570.7302039,3152,0.0
1786545570.8301294,3152,0.0
1786545570.9305022,3152,0.0
1786545571.0301208,3152,0.0
1786545571.1304495,3152,0.0
1786545571.230223,3152,0.0
1786545571.3305206,3152,0.0
1786545571.4304588,3152,0.0
1786545571.5304399,3152,0.0
1786545571.6304414,3152,0.0
1786545571.7301695,3152,0.0
1786545571.8300269,3152,0.0
1786545571.93018,3152,0.0
1786545572.0301163,3152,0.0
1786545572.1300597,3152,0.0
1786545572.2300146,3152,0.0
1786545572.3301759,3152,0.0
1786545572.4302778,3152,0.0
1786545572.5301433,3152,0.0
1786545572.6301172,3152,0.0
1786545572.7301242,3152,0.0
1786545572.8299484,3152,0.0
1786545572.930137,3152,0.0
1786545573.030117,3152,0.0
1786545573.1301155,3152,0.0
1786545573.2301338,3152,0.0
1786545573.3299508,3152,0.0
1786545573.4300296,3152,0.0
1786545573.530044,3152,0.0
1786545573.630012,3152,0.0
1786545573.7300346,3152,0.0
1786545573.8298721,3152,0.0
1786545573.930057,3152,0.0
1786545574.030047,3152,0.0
1786545574.1299837,3152,0.0
1786545574.2303038,3152,0.0
1786545574.330025,3152,0.0
1786545574.4300141,3152,0.0
1786545574.5301135,3152,0.0
1786545574.6301394,3152,0.0
1786545574.7299993,3152,0.0
1786545574.8300118,3152,0.0
1786545574.9307375,3152,0.0
1786545575.0300455,3152,0.0
1786545575.1301107,3152,0.0
1786545575.2301219,3152,0.0
1786545575.3300078,3152,0.0
1786545575.4301548,3152,0.0
1786545575.5301402,3152,0.0
1786545575.6300046,3152,0.0
1786545575.7300825,3152,0.0
1786545575.8299165,3152,0.0
1786545575.9300377,3152,0.0
1786545576.030118,3152,0.0
1786545576.1300542,3152,0.0
1786545576.2300005,3152,0.0
1786545576.3298225,3152,0.0
1786545576.4300365,3152,0.0
1786545576.5305,3152,0.0
1786545576.630506,3152,0.0
1786545576.7302334,3152,0.0
1786545576.8301644,3152,0.0
1786545576.9301038,3152,0.0
1786545577.0305078,3152,0.0
1786545577.1301222,3152,0.0
1786545577.2301755,3152,0.0
1786545577.3307257,3152,0.0
1786545577.4301953,3152,0.0
1786545577.5300603,3152,0.0
1786545577.6305068,3152,0.0
1786545577.7301407,3152,0.0
1786545577.8298488,3152,0.0
1786545577.9304438,3152,0.0
1786545578.0304453,3152,0.0
1786545578.1305547,3152,0.0
1786545578.2305546,3152,0.0
1786545578.3301694,3152,0.0
1786545578.430512,3152,0.0
1786545578.5305302,3152,0.0
1786545578.630135,3152,0.0
1786545578.7305102,3152,0.0
1786545578.8301685,3152,0.0
1786545578.9305081,3152,0.0
1786545579.0305107,3152,0.0
1786545579.1301951,3152,0.0
1786545579.2301302,3152,0.0
1786545579.3301365,3152,0.0
1786545579.430444,3152,0.0
1786545579.5300496,3152,0.0
1786545579.630563,3152,0.0
1786545579.7302346,3152,0.0
1786545579.8298616,3152,0.0
1786545579.9302385,3152,0.0
1786545580.0301812,3152,0.0
1786545580.1301434,3152,0.0
1786545580.230414,3152,0.0
1786545580.3301005,3152,0.0
1786545580.4301054,3152,0.0
1786545580.5304248,3152,0.0
1786545580.6301832,3152,0.0
1786545580.7301362,3152,0.0
1786545580.8300917,3152,0.0
1786545580.930546,3152,0.0
1786545581.0302198,3152,0.0
1786545581.1304965,3152,0.0
1786545581.2301092,3152,0.0
1786545581.3305123,3152,0.0
1786545581.4301336,3152,0.0
1786545581.5301006,3152,0.0
1786545581.6302106,3152,0.0
1786545581.7300842,3152,0.0
1786545581.82995,3152,0.0
1786545581.9301758,3152,0.0
1786545582.0301306,3152,0.0
1786545582.130087,3152,0.0
1786545582.2305815,3152,0.0
1786545582.3301191,3152,0.0
1786545582.4301164,3152,0.0
1786545582.5301774,3152,0.0
1786545582.6304443,3152,0.0
1786545582.730119,3152,0.0
1786545582.830133,3152,0.0
1786545582.9306018,3152,0.0
1786545583.0301433,3152,0.0
1786545583.1301532,3152,0.0
1786545583.230151,3152,0.0
1786545583.329953,3152,0.0
1786545583.4301364,3152,0.0
1786545583.5302372,3152,0.0
1786545583.6301532,3152,0.0
1786545583.7301965,3152,0.0
1786545583.830029,3152,0.0
1786545583.9304178,3152,0.0
1786545584.0301557,3152,0.0
1786545584.1301491,3152,0.0
1786545584.2305138,3152,0.0
1786545584.3300927,3152,0.0
1786545584.4305007,3152,0.0
1786545584.5301929,3152,0.0
1786545584.6301458,3152,0.0
1786545584.7301707,3152,0.0
1786545584.8299923,3152,0.0
1786545584.930055,3152,0.0
1786545585.0304432,3152,0.0
1786545585.1301484,3152,0.0
1786545585.2304673,3152,0.0
1786545585.330128,3152,0.0
1786545585.430711,3152,0.0
1786545585.53043,3152,0.0
1786545585.6301677,3152,0.0
1786545585.7301147,3152,0.0
1786545585.830147,3152,0.0
1786545585.9303718,3152,0.0
1786545586.0302165,3152,0.0
1786545586.1304686,3152,0.0
1786545586.2302191,3152,0.0
1786545586.3306916,3152,0.0
1786545586.4302263,3152,0.0
1786545586.530168,3152,0.0
1786545586.630161,3152,0.0
1786545586.7301917,3152,0.0
1786545586.8304563,3152,0.0
1786545586.9301493,3152,0.0
1786545587.0301592,3152,0.0
1786545587.1305223,3152,0.0
1786545587.2300448,3152,0.0
1786545587.3303978,3152,0.0
1786545587.4305441,3152,0.0
1786545587.5305686,3152,0.0
1786545587.6301403,3152,0.0
1786545587.730055,3152,0.0
1786545587.8304262,3152,0.0
1786545587.9301322,3152,0.0
1786545588.030813,3152,0.0
1786545588.130426,3152,0.0
1786545588.2301986,3152,0.0
1786545588.3301394,3152,0.0
1786545588.4301653,3152,0.0
1786545588.5305145,3152,0.0
1786545588.6302013,3152,0.0
1786545588.7305408,3152,0.0
1786545588.8300822,3152,0.0
1786545588.9305747,3152,0.0
1786545589.030119,3152,0.0
1786545589.1304505,3152,0.0
1786545589.2302213,3152,0.0
1786545589.3298705,3152,0.0
1786545589.4299722,3152,0.0
1786545589.5305095,3152,0.0
1786545589.6301758,3152,0.0
1786545589.730291,3152,0.0
1786545589.8301466,3152,0.0
1786545589.9305134,3152,0.0
1786545590.0305521,3152,0.0
1786545590.1304533,3152,0.0
1786545590.2304547,3152,0.0
1786545590.330454,3152,0.0
1786545590.4301434,3152,0.0
1786545590.530512,3152,0.0
1786545590.6305609,3152,0.0
1786545590.7305233,3152,0.0
1786545590.8305116,3152,0.0
1786545590.9305627,3152,0.0
1786545591.0305252,3152,0.0
1786545591.1305532,3152,0.0
1786545591.230523,3152,0.0
1786545591.3305364,3152,0.0
1786545591.4305656,3152,0.0
1786545591.5301294,3152,0.0
1786545591.630556,3152,0.0
1786545591.7305033,3152,0.0
1786545591.8305035,3152,0.0
1786545591.93045,3152,0.0
1786545592.030519,3152,0.0
1786545592.1301167,3152,0.0
1786545592.2305162,3152,0.0
1786545592.330125,3152,0.0
1786545592.4305136,3152,0.0
1786545592.5302093,3152,0.0
1786545592.630448,3152,0.0
1786545592.730098,3152,0.0
1786545592.830357,3152,0.0
1786545592.9301388,3152,0.0
1786545593.03051,3152,0.0
1786545593.1301217,3152,0.0
1786545593.2302132,3152,0.0
1786545593.3301125,3152,0.0
1786545593.4301908,3152,0.0
1786545593.5300884,3152,0.0
1786545593.6305208,3152,0.0
1786545593.7301295,3152,0.0
1786545593.830208,3152,0.0
1786545593.930538,3152,0.0
1786545594.0305147,3152,0.0
1786545594.1305056,3152,0.0
1786545594.2304244,3152,0.0
1786545594.3298736,3152,0.0
1786545594.4301908,3152,0.0
1786545594.5304842,3152,0.0
1786545594.6305041,3152,0.0
1786545594.7301254,3152,0.0
1786545594.8301253,3152,0.0
1786545594.9304645,3152,0.0
1786545595.0305123,3152,0.0
1786545595.1305523,3152,0.0
1786545595.230394,3152,0.0
1786545595.3301086,3152,0.0
1786545595.430433,3152,0.0
1786545595.5305479,3152,0.0
1786545595.6305594,3152,0.0
1786545595.730451,3152,0.0
1786545595.8304796,3152,0.0
1786545595.930438,3152,0.0
1786545596.030453,3152,0.0
1786545596.1305156,3152,0.0
1786545596.2301228,3152,0.0
1786545596.330464,3152,0.0
1786545596.430097,3152,0.0
1786545596.5305247,3152,0.0
1786545596.6301904,3152,0.0
1786545596.7304997,3152,0.0
1786545596.830044,3152,0.0
1786545596.9303787,3152,0.0
1786545597.030018,3152,0.0
1786545597.1300526,3152,0.0
1786545597.2304976,3152,0.0
1786545597.3300753,3152,0.0
1786545597.430041,3152,0.0
1786545597.5301378,3152,0.0
1786545597.6301546,3152,0.0
1786545597.7301967,3152,0.0
1786545597.830747,3152,0.0
1786545597.9300606,3152,0.0
1786545598.0304413,3152,0.0
1786545598.1302178,3152,0.0
1786545598.2304418,3152,0.0
1786545598.3301077,3152,0.0
1786545598.430201,3152,0.0
1786545598.5305002,3152,0.0
1786545598.630421,3152,0.0
1786545598.7305543,3152,0.0
1786545598.8305361,3152,0.0
1786545598.9302094,3152,0.0
1786545599.0305128,3152,0.0
1786545599.1305609,3152,0.0
1786545599.2302413,3152,0.0
1786545599.3301306,3152,0.0
1786545599.4302113,3152,0.0
1786545599.530472,3152,0.0
1786545599.6305068,3152,0.0
1786545599.730447,3152,0.0
1786545599.8305564,3152,0.0
1786545599.930518,3152,0.0
1786545600.0302086,3152,0.0
1786545600.130352,3152,0.0
1786545600.2304354,3152,0.0
1786545600.3302042,3152,0.0
1786545600.430196,3152,0.0
1786545600.530192,3152,0.0
1786545600.6305385,3152,0.0
1786545600.7302332,3152,0.0
1786545600.830126,3152,0.0
1786545600.9301324,3152,0.0
1786545601.0305188,3152,0.0
1786545601.1304512,3152,0.0
1786545601.2302153,3152,0.0
1786545601.330027,3152,0.0
1786545601.4301972,3152,0.0
1786545601.530135,3152,0.0
1786545601.6301315,3152,0.0
1786545601.7305367,3152,0.0
1786545601.8304954,3152,0.0
1786545601.9302654,3152,0.0
1786545602.030212,3152,0.0
1786545602.130122,3152,0.0
1786545602.2304528,3152,0.0
1786545602.330369,3152,0.0
1786545602.4301553,3152,0.0
1786545602.5301428,3152,0.0
1786545602.6305141,3152,0.0
1786545602.730519,3152,0.0
1786545602.8299623,3152,0.0
1786545602.9301941,3152,0.0
1786545603.030462,3152,0.0
1786545603.1305082,3152,0.0
1786545603.2304497,3152,0.0
1786545603.3301253,3152,0.0
1786545603.4301915,3152,0.0
1786545603.5304592,3152,0.0
1786545603.6305046,3152,0.0
1786545603.73021,3152,0.0
1786545603.8305633,3152,0.0
1786545603.9302378,3152,0.0
1786545604.030449,3152,0.0
1786545604.130486,3152,0.0
1786545604.230538,3152,0.0
1786545604.330205,3152,0.0
1786545604.4302304,3152,0.0
1786545604.5301812,3152,0.0
1786545604.6304598,3152,0.0
1786545604.7305136,3152,0.0
1786545604.8306303,3152,0.0
1786545604.9305143,3152,0.0
1786545605.030231,3152,0.0
1786545605.1303298,3152,0.0
1786545605.2302074,3152,0.0
1786545605.3305871,3152,0.0
1786545605.4301755,3152,0.0
1786545605.5302224,3152,0.0
1786545605.6301455,3152,0.0
1786545605.7304676,3152,0.0
1786545605.8302815,3152,0.0
1786545605.9302032,3152,0.0
1786545606.0303311,3152,0.0
1786545606.1305587,3152,0.0
1786545606.2302923,3152,0.0
1786545606.3301268,3152,0.0
1786545606.4302287,3152,0.0
1786545606.5302088,3152,0.0
1786545606.6305127,3152,0.0
1786545606.7301915,3152,0.0
1786545606.830518,3152,0.0
1786545606.9305522,3152,0.0
1786545607.030528,3152,0.0
1786545607.1305406,3152,0.0
1786545607.2305562,3152,0.0
1786545607.3301198,3152,0.0
1786545607.4305997,3152,0.0
1786545607.5305479,3152,0.0
1786545607.630562,3152,0.0
1786545607.730227,3152,0.0
1786545607.8304474,3152,0.0
1786545607.930342,3152,0.0
1786545608.0304925,3152,0.0
1786545608.1305263,3152,0.0
1786545608.2305174,3152,0.0
1786545608.3301413,3152,0.0
1786545608.4304526,3152,0.0
1786545608.5302029,3152,0.0
1786545608.6305108,3152,0.0
1786545608.7303746,3152,0.0
1786545608.8305128,3152,0.0
1786545608.930442,3152,0.0
1786545609.0305483,3152,0.0
1786545609.1301172,3152,0.0
1786545609.230396,3152,0.0
1786545609.3301365,3152,0.0
1786545609.4300144,3152,0.0
1786545609.5304453,3152,0.0
1786545609.6304688,3152,0.0
1786545609.7300189,3152,0.0
1786545609.830139,3152,0.0
1786545609.9305334,3152,0.0
1786545610.0306475,3152,0.0
1786545610.1301882,3152,0.0
1786545610.2304406,3152,0.0
1786545610.3304224,3152,0.0
1786545610.4301267,3152,0.0
1786545610.5301478,3152,0.0
1786545610.6304538,3152,0.0
1786545610.730439,3152,0.0
1786545610.830048,3152,0.0
1786545610.930508,3152,0.0
1786545611.030506,3152,0.0
1786545611.1305048,3152,0.0
1786545611.2304475,3152,0.0
1786545611.330029,3152,0.0
1786545611.430514,3152,0.0
1786545611.5305138,3152,0.0
1786545611.630439,3152,0.0
1786545611.7304418,3152,0.0
1786545611.8303251,3152,0.0
1786545611.93022,3152,0.0
1786545612.0304494,3152,0.0
1786545612.1301775,3152,0.0
1786545612.2305415,3152,0.0
1786545612.3301308,3152,0.0
1786545612.4304376,3152,0.0
1786545612.5305378,3152,0.0
1786545612.6304538,3152,0.0
1786545612.7302048,3152,0.0
1786545612.830653,3152,0.0
1786545612.9304519,3152,0.0
1786545613.0305912,3152,0.0
1786545613.1305106,3152,0.0
1786545613.2302268,3152,0.0
1786545613.3299184,3152,0.0
1786545613.4301603,3152,0.0
1786545613.5305817,3152,0.0
1786545613.6301234,3152,0.0
1786545613.7305157,3152,0.0
1786545613.8299186,3152,0.0
1786545613.9301383,3152,0.0
1786545614.0301373,3152,0.0
1786545614.1303203,3152,0.0
1786545614.2305174,3152,0.0
1786545614.3300476,3152,0.0
1786545614.4302194,3152,0.0
1786545614.5305188,3152,0.0
1786545614.6305068,3152,0.0
1786545614.7305202,3152,0.0
1786545614.8301706,3152,0.0
1786545614.9305449,3152,0.0
1786545615.0305083,3152,0.0
1786545615.1305084,3152,0.0
1786545615.230443,3152,0.0
1786545615.3301055,3152,0.0
1786545615.4300563,3152,0.0
1786545615.5305996,3152,0.0
1786545615.6303642,3152,0.0
1786545615.7306561,3152,0.0
1786545615.8304856,3152,0.0
1786545615.9305124,3152,0.0
1786545616.0303226,3152,0.0
1786545616.130212,3152,0.0
1786545616.2304418,3152,0.0
1786545616.3301735,3152,0.0
1786545616.430359,3152,0.0
1786545616.5305104,3152,0.0
1786545616.6305625,3152,0.0
1786545616.7305152,3152,0.0
1786545616.830221,3152,0.0
1786545616.9304638,3152,0.0
1786545617.0301268,3152,0.0
1786545617.1301224,3152,0.0
1786545617.2304525,3152,0.0
1786545617.3302104,3152,0.0
1786545617.4305136,3152,0.0
1786545617.5301342,3152,0.0
1786545617.6304617,3152,0.0
1786545617.730674,3152,0.0
1786545617.8301957,3152,0.0
1786545617.930051,3152,0.0
1786545618.0305512,3152,0.0
1786545618.1301236,3152,0.0
1786545618.2303605,3152,0.0
1786545618.330218,3152,0.0
1786545618.4306157,3152,0.0
1786545618.5305154,3152,0.0
1786545618.630544,3152,0.0
1786545618.7305,3152,0.0
1786545618.8302858,3152,0.0
1786545618.9304292,3152,0.0
1786545619.0301325,3152,0.0
1786545619.1304514,3152,0.0
1786545619.2302785,3152,0.0
1786545619.3301306,3152,0.0
1786545619.430433,3152,0.0
1786545619.5300953,3152,0.0
1786545619.6304548,3152,0.0
1786545619.7305489,3152,0.0
1786545619.8302078,3152,0.0
1786545619.9304996,3152,0.0
1786545620.030461,3152,0.0
1786545620.1302145,3152,0.0
1786545620.2305224,3152,0.0
1786545620.3303392,3152,0.0
1786545620.4304452,3152,0.0
1786545620.530135,3152,0.0
1786545620.6300788,3152,0.0
1786545620.7305048,3152,0.0
1786545620.8299274,3152,0.0
1786545620.930519,3152,0.0
1786545621.0301294,3152,0.0
1786545621.1305249,3152,0.0
1786545621.2301924,3152,0.0
1786545621.3301551,3152,0.0
1786545621.4301805,3152,0.0
1786545621.530559,3152,0.0
1786545621.630198,3152,0.0
1786545621.730179,3152,0.0
1786545621.8307528,3152,0.0
1786545621.930507,3152,0.0
1786545622.0300088,3152,0.0
1786545622.1305156,3152,0.0
1786545622.2304404,3152,0.0
1786545622.3305962,3152,0.0
1786545622.4305277,3152,0.0
1786545622.5305142,3152,0.0
1786545622.630519,3152,0.0
1786545622.7305224,3152,0.0
1786545622.8305395,3152,0.0
1786545622.9305515,3152,0.0
1786545623.0304601,3152,0.0
1786545623.13055,3152,0.0
1786545623.230634,3152,0.0
1786545623.3304412,3152,0.0
1786545623.4301283,3152,0.0
1786545623.530468,3152,0.0
1786545623.6302006,3152,0.0
1786545623.7305088,3152,0.0
1786545623.8301022,3152,0.0
1786545623.930558,3152,0.0
1786545624.030455,3152,0.0
1786545624.1304438,3152,0.0
1786545624.2305212,3152,0.0
1786545624.3301368,3152,0.0
1786545624.4305506,3152,0.0
1786545624.5304453,3152,0.0
1786545624.6305275,3152,0.0
1786545624.7302098,3152,0.0
1786545624.8302207,3152,0.0
1786545624.930525,3152,0.0
1786545625.0304565,3152,0.0
1786545625.130234,3152,0.0
1786545625.2305226,3152,0.0
1786545625.3301363,3152,0.0
1786545625.4305117,3152,0.0
1786545625.5302389,3152,0.0
1786545625.630499,3152,0.0
1786545625.7302012,3152,0.0
1786545625.8302279,3152,0.0
1786545625.930231,3152,0.0
1786545626.030459,3152,0.0
1786545626.130163,3152,0.0
1786545626.2304966,3152,0.0
1786545626.330119,3152,0.0
1786545626.430526,3152,0.0
1786545626.5306034,3152,0.0
1786545626.6305223,3152,0.0
1786545626.7305098,3152,0.0
1786545626.8302026,3152,0.0
1786545626.9305546,3152,0.0
1786545627.0304482,3152,0.0
1786545627.1301079,3152,0.0
1786545627.2302263,3152,0.0
1786545627.3302178,3152,0.0
1786545627.4301927,3152,0.0
1786545627.5304532,3152,0.0
1786545627.6305616,3152,0.0
1786545627.7302394,3152,0.0
1786545627.8301218,3152,0.0
1786545627.930147,3152,0.0
1786545628.030452,3152,0.0
1786545628.130457,3152,0.0
1786545628.2305129,3152,0.0
1786545628.330185,3152,0.0
1786545628.4305193,3152,0.0
1786545628.5305119,3152,0.0
1786545628.6304488,3152,0.0
1786545628.7304432,3152,0.0
1786545628.8305106,3152,0.0
1786545628.9304795,3152,0.0
1786545629.030563,3152,0.0
1786545629.1304677,3152,0.0
1786545629.2301373,3152,0.0
1786545629.3301797,3152,0.0
1786545629.4301953,3152,0.0
1786545629.5300982,3152,0.0
1786545629.6301916,3152,0.0
1786545629.7301214,3152,0.0
1786545629.8301396,3152,0.0
1786545629.930517,3152,0.0
1786545630.0301404,3152,0.0
1786545630.130457,3152,0.0
1786545630.2300322,3152,0.0
1786545630.330186,3152,0.0
1786545630.4301279,3152,0.0
1786545630.5304568,3152,0.0
1786545630.630443,3152,0.0
1786545630.7303035,3152,0.0
1786545630.8298583,3152,0.0
1786545630.9304423,3152,0.0
1786545631.0305037,3152,0.0
1786545631.1303146,3152,0.0
1786545631.230356,3152,0.0
1786545631.330188,3152,0.0
1786545631.4305131,3152,0.0
1786545631.5301652,3152,0.0
1786545631.630518,3152,0.0
1786545631.730204,3152,0.0
1786545631.8301723,3152,0.0
1786545631.930514,3152,0.0
1786545632.03053,3152,0.0
1786545632.1305468,3152,0.0
1786545632.2304578,3152,0.0
1786545632.330186,3152,0.0
1786545632.430547,3152,0.0
1786545632.5302117,3152,0.0
1786545632.6305249,3152,0.0
1786545632.730437,3152,0.0
1786545632.8305397,3152,0.0
1786545632.9304445,3152,0.0
1786545633.0305073,3152,0.0
1786545633.130484,3152,0.0
1786545633.230063,3152,0.0
1786545633.3303187,3152,0.0
1786545633.4303846,3152,0.0
1786545633.530359,3152,0.0
1786545633.6303215,3152,0.0
1786545633.7306297,3152,0.0
1786545633.8303063,3152,0.0
1786545633.9301279,3152,0.0
1786545634.0302303,3152,0.0
1786545634.1301167,3152,0.0
1786545634.2303152,3152,0.0
1786545634.330143,3152,0.0
1786545634.4303832,3152,0.0
1786545634.5300317,3152,0.0
1786545634.6305144,3152,0.0
1786545634.7301888,3152,0.0
1786545634.8301947,3152,0.0
1786545634.9305165,3152,0.0
1786545635.0304604,3152,0.0
1786545635.1305466,3152,0.0
1786545635.230514,3152,0.0
1786545635.33053,3152,0.0
1786545635.430339,3152,0.0
1786545635.5304608,3152,0.0
1786545635.6305132,3152,0.0
1786545635.7302136,3152,0.0
1786545635.8301308,3152,0.0
1786545635.9301095,3152,0.0
1786545636.0305216,3152,0.0
1786545636.1305184,3152,0.0
1786545636.2301025,3152,0.0
1786545636.3301876,3152,0.0
1786545636.4305437,3152,0.0
1786545636.5305169,3152,0.0
1786545636.630445,3152,0.0
1786545636.730614,3152,0.0
1786545636.8305073,3152,0.0
1786545636.930229,3152,0.0
1786545637.0305507,3152,0.0
1786545637.130468,3152,0.0
1786545637.230218,3152,0.0
1786545637.3299186,3152,0.0
1786545637.4304163,3152,0.0
1786545637.5305552,3152,0.0
1786545637.6301365,3152,0.0
1786545637.730566,3152,0.0
1786545637.8301327,3152,0.0
1786545637.9304547,3152,0.0
1786545638.030132,3152,0.0
1786545638.1302114,3152,0.0
1786545638.2305431,3152,0.0
1786545638.330515,3152,0.0
1786545638.4301972,3152,0.0
1786545638.530518,3152,0.0
1786545638.630512,3152,0.0
1786545638.7305055,3152,0.0
1786545638.8299177,3152,0.0
1786545638.9304278,3152,0.0
1786545639.0304215,3152,0.0
1786545639.13052,3152,0.0
1786545639.2305212,3152,0.0
1786545639.329855,3152,0.0
1786545639.4305124,3152,0.0
1786545639.5307581,3152,0.0
1786545639.6301455,3152,0.0
1786545639.7304933,3152,0.0
1786545639.8301344,3152,0.0
1786545639.930468,3152,0.0
1786545640.0304937,3152,0.0
1786545640.1304486,3152,0.0
1786545640.2305532,3152,0.0
1786545640.330264,3152,0.0
1786545640.430504,3152,0.0
1786545640.5302162,3152,0.0
1786545640.6305094,3152,0.0
1786545640.730533,3152,0.0
1786545640.8301327,3152,0.0
1786545640.9304993,3152,0.0
1786545641.0302126,3152,0.0
1786545641.1305103,3152,0.0
1786545641.2304573,3152,0.0
1786545641.330456,3152,0.0
1786545641.4305396,3152,0.0
1786545641.5305655,3152,0.0
1786545641.6305048,3152,0.0
1786545641.730552,3152,0.0
1786545641.8301218,3152,0.0
1786545641.9301374,3152,0.0
1786545642.030153,3152,0.0
1786545642.1301346,3152,0.0
1786545642.2304428,3152,0.0
1786545642.3301854,3152,0.0
1786545642.4305315,3152,0.0
1786545642.5302365,3152,0.0
1786545642.6304467,3152,0.0
1786545642.730192,3152,0.0
1786545642.8304927,3152,0.0
1786545642.930857,3152,0.0
1786545643.030249,3152,0.0
1786545643.1300375,3152,0.0
1786545643.2304454,3152,0.0
1786545643.3302176,3152,0.0
1786545643.4301715,3152,0.0
1786545643.5304403,3152,0.0
1786545643.6305535,3152,0.0
1786545643.7304547,3152,0.0
1786545643.8304389,3152,0.0
1786545643.930554,3152,0.0
1786545644.0304496,3152,0.0
1786545644.1301115,3152,0.0
1786545644.2304435,3152,0.0
1786545644.3301492,3152,0.0
1786545644.4301476,3152,0.0
1786545644.530109,3152,0.0
1786545644.6305199,3152,0.0
1786545644.7301416,3152,0.0
1786545644.8302062,3152,0.0
1786545644.93055,3152,0.0
1786545645.0305498,3152,0.0
1786545645.1301463,3152,0.0
1786545645.230442,3152,0.0
1786545645.3302023,3152,0.0
1786545645.430547,3152,0.0
1786545645.5302339,3152,0.0
1786545645.6305141,3152,0.0
1786545645.7307768,3152,0.0
1786545645.8299468,3152,0.0
1786545645.93052,3152,0.0
1786545646.0305238,3152,0.0
1786545646.1304438,3152,0.0
1786545646.2301848,3152,0.0
1786545646.3305218,3152,0.0
1786545646.4301383,3152,0.0
1786545646.5301263,3152,0.0
1786545646.630227,3152,0.0
1786545646.7304406,3152,0.0
1786545646.8301377,3152,0.0
1786545646.9304519,3152,0.0
1786545647.0301266,3152,0.0
1786545647.1306589,3152,0.0
1786545647.230108,3152,0.0
1786545647.3305614,3152,0.0
1786545647.4304507,3152,0.0
1786545647.5304623,3152,0.0
1786545647.630529,3152,0.0
1786545647.730436,3152,0.0
1786545647.830525,3152,0.0
1786545647.9305284,3152,0.0
1786545648.0305116,3152,0.0
1786545648.1304564,3152,0.0
1786545648.230505,3152,0.0
1786545648.3301206,3152,0.0
1786545648.4305117,3152,0.0
1786545648.5305054,3152,0.0
1786545648.6306336,3152,0.0
1786545648.7302356,3152,0.0
1786545648.8301258,3152,0.0
1786545648.9301853,3152,0.0
1786545649.0305014,3152,0.0
1786545649.130526,3152,0.0
1786545649.2302172,3152,0.0
1786545649.3302295,3152,0.0
1786545649.4303396,3152,0.0
1786545649.5304413,3152,0.0
1786545649.6301067,3152,0.0
1786545649.7302222,3152,0.0
1786545649.8304386,3152,0.0
1786545649.9305255,3152,0.0
1786545650.0305278,3152,0.0
1786545650.1305494,3152,0.0
1786545650.2301347,3152,0.0
1786545650.3301961,3152,0.0
1786545650.4303684,3152,0.0
1786545650.530444,3152,0.0
1786545650.6302264,3152,0.0
1786545650.7301924,3152,0.0
1786545650.8301244,3152,0.0
1786545650.9301863,3152,0.0
1786545651.0304995,3152,0.0
1786545651.1301155,3152,0.0
1786545651.2302723,3152,0.0
1786545651.3300388,3152,0.0
1786545651.4303975,3152,0.0
1786545651.5305586,3152,0.0
1786545651.6305158,3152,0.0
1786545651.7301881,3152,0.0
1786545651.8304577,3152,0.0
1786545651.9305172,3152,0.0
1786545652.0305128,3152,0.0
1786545652.1303172,3152,0.0
1786545652.23051,3152,0.0
1786545652.330127,3152,0.0
1786545652.430541,3152,0.0
1786545652.5305393,3152,0.0
1786545652.6304438,3152,0.0
1786545652.7301319,3152,0.0
1786545652.8298628,3152,0.0
1786545652.9305332,3152,0.0
1786545653.0305219,3152,0.0
1786545653.1305187,3152,0.0
1786545653.23056,3152,0.0
1786545653.330515,3152,0.0
1786545653.43046,3152,0.0
1786545653.5305169,3152,0.0
1786545653.6305516,3152,0.0
1786545653.7304952,3152,0.0
1786545653.8301232,3152,0.0
1786545653.9305189,3152,0.0
1786545654.0304458,3152,0.0
1786545654.1305108,3152,0.0
1786545654.2304397,3152,0.0
1786545654.3301826,3152,0.0
1786545654.430231,3152,0.0
1786545654.5304418,3152,0.0
1786545654.630178,3152,0.0
1786545654.7302125,3152,0.0
1786545654.8301787,3152,0.0
1786545654.9305496,3152,0.0
1786545655.0301108,3152,0.0
1786545655.1305068,3152,0.0
1786545655.2301953,3152,0.0
1786545655.3301194,3152,0.0
1786545655.4300268,3152,0.0
1786545655.5302613,3152,0.0
1786545655.6300912,3152,0.0
1786545655.7305984,3152,0.0
1786545655.8301802,3152,0.0
1786545655.9302223,3152,0.0
1786545656.030382,3152,0.0
1786545656.1305194,3152,0.0
1786545656.230826,3152,0.0
1786545656.3304603,3152,0.0
1786545656.430137,3152,0.0
1786545656.5302012,3152,0.0
1786545656.63045,3152,0.0
1786545656.7301648,3152,0.0
1786545656.8302095,3152,0.0
1786545656.9305212,3152,0.0
1786545657.030452,3152,0.0
1786545657.1305053,3152,0.0
1786545657.2304387,3152,0.0
1786545657.3305283,3152,0.0
1786545657.4301257,3152,0.0
1786545657.530204,3152,0.0
1786545657.6305022,3152,0.0
1786545657.7302032,3152,0.0
1786545657.8299627,3152,0.0
1786545657.930516,3152,0.0
1786545658.0305507,3152,0.0
1786545658.130105,3152,0.0
1786545658.2305834,3152,0.0
1786545658.3305626,3152,0.0
1786545658.4301271,3152,0.0
1786545658.5304508,3152,0.0
1786545658.6304538,3152,0.0
1786545658.7302148,3152,0.0
1786545658.8300626,3152,0.0
1786545658.9302447,3152,0.0
1786545659.0300956,3152,0.0
1786545659.1302266,3152,0.0
1786545659.230136,3152,0.0
1786545659.3298564,3152,0.0
1786545659.4300828,3152,0.0
1786545659.5305057,3152,0.0
1786545659.630544,3152,0.0
1786545659.7300262,3152,0.0
1786545659.8301885,3152,0.0
1786545659.9301734,3152,0.0
1786545660.030384,3152,0.0
1786545660.1305048,3152,0.0
1786545660.2305233,3152,0.0
1786545660.3301594,3152,0.0
1786545660.4301474,3152,0.0
1786545660.530516,3152,0.0
1786545660.6304526,3152,0.0
1786545660.7302022,3152,0.0
1786545660.830507,3152,0.0
1786545660.930542,3152,0.0
1786545661.0304277,3152,0.0
1786545661.130105,3152,0.0
1786545661.2305055,3152,0.0
1786545661.3301263,3152,0.0
1786545661.4304504,3152,0.0
1786545661.530555,3152,0.0
1786545661.6305358,3152,0.0
1786545661.7305224,3152,0.0
1786545661.8305073,3152,0.0
1786545661.930439,3152,0.0
1786545662.0304437,3152,0.0
1786545662.1305218,3152,0.0
1786545662.2305088,3152,0.0
1786545662.330147,3152,0.0
1786545662.4303815,3152,0.0
1786545662.5304663,3152,0.0
1786545662.6306243,3152,0.0
1786545662.730441,3152,0.0
1786545662.8302245,3152,0.0
1786545662.9304492,3152,0.0
1786545663.0301251,3152,0.0
1786545663.130444,3152,0.0
1786545663.2302246,3152,0.0
1786545663.330213,3152,0.0
1786545663.430235,3152,0.0
1786545663.5300627,3152,0.0
1786545663.630149,3152,0.0
1786545663.7301948,3152,0.0
1786545663.8299644,3152,0.0
1786545663.9305134,3152,0.0
1786545664.0301747,3152,0.0
1786545664.1302586,3152,0.0
1786545664.2305634,3152,0.0
1786545664.3298872,3152,0.0
1786545664.4304802,3152,0.0
1786545664.5304556,3152,0.0
1786545664.6304567,3152,0.0
1786545664.730122,3152,0.0
1786545664.830555,3152,0.0
1786545664.930439,3152,0.0
1786545665.0305367,3152,0.0
1786545665.1301444,3152,0.0
1786545665.2304842,3152,0.0
1786545665.3301208,3152,0.0
1786545665.4305665,3152,0.0
1786545665.5305665,3152,0.0
1786545665.6305187,3152,0.0
1786545665.7305126,3152,0.0
1786545665.8306117,3152,0.0
1786545665.9305131,3152,0.0
1786545666.0305474,3152,0.0
1786545666.1304784,3152,0.0
1786545666.2305732,3152,0.0
1786545666.3301895,3152,0.0
1786545666.4303513,3152,0.0
1786545666.530144,3152,0.0
1786545666.6305435,3152,0.0
1786545666.730168,3152,0.0
1786545666.8306196,3152,0.0
1786545666.9304452,3152,0.0
1786545667.030513,3152,0.0
1786545667.130525,3152,0.0
1786545667.2304235,3152,0.0
1786545667.3304706,3152,0.0
1786545667.4302065,3152,0.0
1786545667.5301251,3152,0.0
1786545667.630244,3152,0.0
1786545667.7306135,3152,0.0
1786545667.8302093,3152,0.0
1786545667.9300437,3152,0.0
1786545668.0305526,3152,0.0
1786545668.1300192,3152,0.0
1786545668.230144,3152,0.0
1786545668.3305416,3152,0.0
1786545668.4305584,3152,0.0
1786545668.530509,3152,0.0
1786545668.630297,3152,0.0
1786545668.730541,3152,0.0
1786545668.8304868,3152,0.0
1786545668.9305618,3152,0.0
1786545669.0305405,3152,0.0
1786545669.130432,3152,0.0
1786545669.2306223,3152,0.0
1786545669.329864,3152,0.0
1786545669.4304647,3152,0.0
1786545669.5304537,3152,0.0
1786545669.6305203,3152,0.0
1786545669.730507,3152,0.0
1786545669.829968,3152,0.0
1786545669.9305182,3152,0.0
1786545670.030522,3152,0.0
1786545670.1304402,3152,0.0
1786545670.23056,3152,0.0
1786545670.330513,3152,0.0
1786545670.4301295,3152,0.0
1786545670.530553,3152,0.0
1786545670.6304574,3152,0.0
1786545670.7305098,3152,0.0
1786545670.8300548,3152,0.0
1786545670.9305093,3152,0.0
1786545671.0305254,3152,0.0
1786545671.1305015,3152,0.0
1786545671.2304552,3152,0.0
1786545671.3302016,3152,0.0
1786545671.4298794,3152,0.0
1786545671.5305605,3152,0.0
1786545671.6301904,3152,0.0
1786545671.7305205,3152,0.0
1786545671.8301077,3152,0.0
1786545671.9302232,3152,0.0
1786545672.030146,3152,0.0
1786545672.1302187,3152,0.0
1786545672.2300327,3152,0.0
1786545672.3302226,3152,0.0
1786545672.4300168,3152,0.0
1786545672.530194,3152,0.0
1786545672.6301305,3152,0.0
1786545672.7304006,3152,0.0
1786545672.8299985,3152,0.0
1786545672.9305573,3152,0.0
1786545673.0304298,3152,0.0
1786545673.1302843,3152,0.0
1786545673.230439,3152,0.0
1786545673.3301325,3152,0.0
1786545673.4301324,3152,0.0
1786545673.5305524,3152,0.0
1786545673.630555,3152,0.0
1786545673.7303257,3152,0.0
1786545673.830117,3152,0.0
1786545673.9305067,3152,0.0
1786545674.030347,3152,0.0
1786545674.1305017,3152,0.0
1786545674.230385,3152,0.0
1786545674.3300934,3152,0.0
1786545674.4304445,3152,0.0
1786545674.5304587,3152,0.0
1786545674.6305137,3152,0.0
1786545674.7305057,3152,0.0
1786545674.8301902,3152,0.0
1786545674.9305558,3152,0.0
1786545675.0305123,3152,0.0
1786545675.1304379,3152,0.0
1786545675.2301316,3152,0.0
1786545675.330146,3152,0.0
1786545675.4301364,3152,0.0
1786545675.530563,3152,0.0
1786545675.6305377,3152,0.0
1786545675.730063,3152,0.0
1786545675.8299894,3152,0.0
1786545675.9304276,3152,0.0
1786545676.030439,3152,0.0
1786545676.130213,3152,0.0
1786545676.2302322,3152,0.0
1786545676.3302386,3152,0.0
1786545676.4302204,3152,0.0
1786545676.5300884,3152,0.0
1786545676.6303537,3152,0.0
1786545676.7303267,3152,0.0
1786545676.830299,3152,0.0
1786545676.9305098,3152,0.0
1786545677.030139,3152,0.0
1786545677.1302044,3152,0.0
1786545677.230134,3152,0.0
1786545677.330523,3152,0.0
1786545677.4302096,3152,0.0
1786545677.5304818,3152,0.0
1786545677.630183,3152,0.0
1786545677.7305243,3152,0.0
1786545677.829955,3152,0.0
1786545677.9305305,3152,0.0
1786545678.0304134,3152,0.0
1786545678.1305811,3152,0.0
1786545678.2304275,3152,0.0
1786545678.3301194,3152,0.0
1786545678.430505,3152,0.0
1786545678.5304976,3152,0.0
1786545678.6305044,3152,0.0
1786545678.7301447,3152,0.0
1786545678.830202,3152,0.0
1786545678.9305239,3152,0.0
1786545679.0304413,3152,0.0
1786545679.1305013,3152,0.0
1786545679.2305193,3152,0.0
1786545679.330151,3152,0.0
1786545679.4305785,3152,0.0
1786545679.5302567,3152,0.0
1786545679.6305292,3152,0.0
1786545679.7305987,3152,0.0
1786545679.8305852,3152,0.0
1786545679.930603,3152,0.0
1786545680.0301466,3152,0.0
1786545680.1304464,3152,0.0
1786545680.2301412,3152,0.0
1786545680.330254,3152,0.0
1786545680.4300208,3152,0.0
1786545680.5304568,3152,0.0
1786545680.6300447,3152,0.0
1786545680.7304466,3152,0.0
1786545680.8301268,3152,0.0
1786545680.9304833,3152,0.0
1786545681.03055,3152,0.0
1786545681.1305819,3152,0.0
1786545681.230264,3152,0.0
1786545681.3305187,3152,0.0
1786545681.4305174,3152,0.0
1786545681.530454,3152,0.0
1786545681.630443,3152,0.0
1786545681.7302117,3152,0.0
1786545681.8301356,3152,0.0
1786545681.9302225,3152,0.0
1786545682.0305276,3152,0.0
1786545682.130441,3152,0.0
1786545682.230539,3152,0.0
1786545682.330453,3152,0.0
1786545682.430522,3152,0.0
1786545682.5301387,3152,0.0
1786545682.630569,3152,0.0
1786545682.7304575,3152,0.0
1786545682.8305905,3152,0.0
1786545682.9305193,3152,0.0
1786545683.030525,3152,0.0
1786545683.130516,3152,0.0
1786545683.2305114,3152,0.0
1786545683.3305092,3152,0.0
1786545683.430454,3152,0.0
1786545683.530524,3152,0.0
1786545683.6305754,3152,0.0
1786545683.7305133,3152,0.0
1786545683.830218,3152,0.0
1786545683.930953,3152,0.0
1786545684.0305083,3152,0.0
1786545684.1301365,3152,0.0
1786545684.2302225,3152,0.0
1786545684.3298638,3152,0.0
1786545684.430195,3152,0.0
1786545684.5300941,3152,0.0
1786545684.6301053,3152,0.0
1786545684.730034,3152,0.0
1786545684.8304415,3152,0.0
1786545684.9300587,3152,0.0
1786545685.0305305,3152,0.0
1786545685.130512,3152,0.0
1786545685.230299,3152,0.0
1786545685.3300529,3152,0.0
1786545685.4303463,3152,0.0
1786545685.5305214,3152,0.0
1786545685.6305137,3152,0.0
1786545685.7306309,3152,0.0
1786545685.8301985,3152,0.0
1786545685.9305148,3152,0.0
1786545686.0305092,3152,0.0
1786545686.1304662,3152,0.0
1786545686.230554,3152,0.0
1786545686.3301313,3152,0.0
1786545686.4301188,3152,0.0
1786545686.5301368,3152,0.0
1786545686.6301384,3152,0.0
1786545686.7301471,3152,0.0
1786545686.8299673,3152,0.0
1786545686.930262,3152,0.0
1786545687.0301228,3152,0.0
1786545687.1301286,3152,0.0
1786545687.2301352,3152,0.0
1786545687.329969,3152,0.0
1786545687.430122,3152,0.0
1786545687.5301373,3152,0.0
1786545687.6301315,3152,0.0
1786545687.7301066,3152,0.0
1786545687.829946,3152,0.0
1786545687.9300485,3152,0.0
1786545688.0301123,3152,0.0
1786545688.1301239,3152,0.0
1786545688.2300544,3152,0.0
1786545688.330135,3152,0.0
1786545688.430022,3152,0.0
1786545688.530053,3152,0.0
1786545688.630055,3152,0.0
1786545688.730027,3152,0.0
1786545688.8306167,3152,0.0
1786545688.9303527,3152,0.0
1786545689.0301404,3152,0.0
1786545689.1304827,3152,0.0
1786545689.230104,3152,0.0
1786545689.330106,3152,0.0
1786545689.4304364,3152,0.0
1786545689.5304103,3152,0.0
1786545689.630381,3152,0.0
1786545689.7301354,3152,0.0
1786545689.8299372,3152,0.0
1786545689.9301012,3152,0.0
1786545690.03003,3152,0.0
1786545690.130081,3152,0.0
1786545690.230034,3152,0.0
1786545690.3298287,3152,0.0
1786545690.430063,3152,0.0
1786545690.5304775,3152,0.0
1786545690.6301587,3152,0.0
1786545690.7302036,3152,0.0
1786545690.8301055,3152,0.0
1786545690.9306664,3152,0.0
1786545691.0301752,3152,0.0
1786545691.1304686,3152,0.0
1786545691.2301831,3152,0.0
1786545691.3302913,3152,0.0
1786545691.4305139,3152,0.0
1786545691.530499,3152,0.0
1786545691.6305318,3152,0.0
1786545691.7305124,3152,0.0
1786545691.8304443,3152,0.0
1786545691.9305115,3152,0.0
1786545692.030493,3152,0.0
1786545692.1304479,3152,0.0
1786545692.2304215,3152,0.0
1786545692.3301601,3152,0.0
1786545692.4302106,3152,0.0
1786545692.5304906,3152,0.0
1786545692.6304388,3152,0.0
1786545692.7302284,3152,0.0
1786545692.8301928,3152,0.0
1786545692.9302037,3152,0.0
1786545693.0304077,3152,0.0
1786545693.1302016,3152,0.0
1786545693.230494,3152,0.0
1786545693.3301773,3152,0.0
1786545693.4301877,3152,0.0
1786545693.530216,3152,0.0
1786545693.6303842,3152,0.0
1786545693.7300386,3152,0.0
1786545693.830129,3152,0.0
1786545693.9300935,3152,0.0
1786545694.0305054,3152,0.0
1786545694.130548,3152,0.0
1786545694.2304418,3152,0.0
1786545694.3301518,3152,0.0
1786545694.4302123,3152,0.0
1786545694.530451,3152,0.0
1786545694.6303625,3152,0.0
1786545694.7305298,3152,0.0
1786545694.8301299,3152,0.0
1786545694.9303486,3152,0.0
1786545695.0304487,3152,0.0
1786545695.1301908,3152,0.0
1786545695.2304893,3152,0.0
1786545695.3305223,3152,0.0
1786545695.4313061,3152,0.0
1786545695.53052,3152,0.0
1786545695.6305606,3152,0.0
1786545695.7304025,3152,0.0
1786545695.830132,3152,0.0
1786545695.9304504,3152,0.0
1786545696.030451,3152,0.0
1786545696.1301289,3152,0.0
1786545696.2304356,3152,0.0
1786545696.33041,3152,0.0
1786545696.4301343,3152,0.0
1786545696.5304427,3152,0.0
1786545696.6305509,3152,0.0
1786545696.730127,3152,0.0
1786545696.8301172,3152,0.0
1786545696.930285,3152,0.0
1786545697.030426,3152,0.0
1786545697.130213,3152,0.0
1786545697.2305074,3152,0.0
1786545697.330193,3152,0.0
1786545697.430338,3152,0.0
1786545697.530516,3152,0.0
1786545697.6302,3152,0.0
1786545697.7301564,3152,0.0
1786545697.8303058,3152,0.0
1786545697.930515,3152,0.0
1786545698.0301003,3152,0.0
1786545698.1305134,3152,0.0
1786545698.2302485,3152,0.0
1786545698.330529,3152,0.0
1786545698.4305618,3152,0.0
1786545698.530524,3152,0.0
1786545698.6304421,3152,0.0
1786545698.7306705,3152,0.0
1786545698.8301053,3152,0.0
1786545698.9302502,3152,0.0
1786545699.0304434,3152,0.0
1786545699.130487,3152,0.0
1786545699.2302454,3152,0.0
1786545699.3301625,3152,0.0
1786545699.4305534,3152,0.0
1786545699.530455,3152,0.0
1786545699.630445,3152,0.0
1786545699.730177,3152,0.0
1786545699.830123,3152,0.0
1786545699.9305322,3152,0.0
1786545700.0300217,3152,0.0
1786545700.130508,3152,0.0
1786545700.2305124,3152,0.0
1786545700.3302042,3152,0.0
1786545700.4305198,3152,0.0
1786545700.5302124,3152,0.0
1786545700.6305351,3152,0.0
1786545700.730606,3152,0.0
1786545700.8299088,3152,0.0
1786545700.9304094,3152,0.0
1786545701.030566,3152,0.0
1786545701.130177,3152,0.0
1786545701.2304912,3152,0.0
1786545701.3301017,3152,0.0
1786545701.4305065,3152,0.0
1786545701.530217,3152,0.0
1786545701.630525,3152,0.0
1786545701.730139,3152,0.0
1786545701.8301313,3152,0.0
1786545701.9301991,3152,0.0
1786545702.0304484,3152,0.0
1786545702.1300192,3152,0.0
1786545702.2304254,3152,0.0
1786545702.330104,3152,0.0
1786545702.4305747,3152,0.0
1786545702.5304585,3152,0.0
1786545702.630452,3152,0.0
1786545702.7301188,3152,0.0
1786545702.8303463,3152,0.0
1786545702.930488,3152,0.0
1786545703.030447,3152,0.0
1786545703.130243,3152,0.0
1786545703.2304275,3152,0.0
1786545703.3302002,3152,0.0
1786545703.430462,3152,0.0
1786545703.5301292,3152,0.0
1786545703.63052,3152,0.0
1786545703.7302358,3152,0.0
1786545703.830232,3152,0.0
1786545703.930512,3152,0.0
1786545704.0304506,3152,0.0
1786545704.1302478,3152,0.0
1786545704.2305045,3152,0.0
1786545704.330157,3152,0.0
1786545704.4305265,3152,0.0
1786545704.5302398,3152,0.0
1786545704.6304557,3152,0.0
1786545704.7305188,3152,0.0
1786545704.830555,3152,0.0
1786545704.9305465,3152,0.0
1786545705.030226,3152,0.0
1786545705.1301248,3152,0.0
1786545705.2301164,3152,0.0
1786545705.3301044,3152,0.0
1786545705.430216,3152,0.0
1786545705.5304518,3152,0.0
1786545705.6302261,3152,0.0
1786545705.7301292,3152,0.0
1786545705.83011,3152,0.0
1786545705.9304605,3152,0.0
1786545706.0304594,3152,0.0
1786545706.1305535,3152,0.0
1786545706.230016,3152,0.0
1786545706.3304708,3152,0.0
1786545706.4301722,3152,0.0
1786545706.5302176,3152,0.0
1786545706.630444,3152,0.0
1786545706.7305102,3152,0.0
1786545706.8304436,3152,0.0
1786545706.930575,3152,0.0
1786545707.030459,3152,0.0
1786545707.1301916,3152,0.0
1786545707.2301407,3152,0.0
1786545707.3305204,3152,0.0
1786545707.430669,3152,0.0
1786545707.5302022,3152,0.0
1786545707.630518,3152,0.0
1786545707.730512,3152,0.0
1786545707.8305576,3152,0.0
1786545707.930628,3152,0.0
1786545708.0305037,3152,0.0
1786545708.1304681,3152,0.0
1786545708.2302246,3152,0.0
1786545708.330223,3152,0.0
1786545708.430506,3152,0.0
1786545708.5305026,3152,0.0
1786545708.6301734,3152,0.0
1786545708.7301602,3152,0.0
1786545708.830082,3152,0.0
1786545708.930171,3152,0.0
1786545709.0305426,3152,0.0
1786545709.1305647,3152,0.0
1786545709.2305415,3152,0.0
1786545709.3301332,3152,0.0
1786545709.4302328,3152,0.0
1786545709.5301344,3152,0.0
1786545709.6305537,3152,0.0
1786545709.7301471,3152,0.0
1786545709.8302367,3152,0.0
1786545709.9301405,3152,0.0
1786545710.030455,3152,0.0
1786545710.1302316,3152,0.0
1786545710.230457,3152,0.0
1786545710.3298566,3152,0.0
1786545710.4305165,3152,0.0
1786545710.5302908,3152,0.0
1786545710.6305223,3152,0.0
1786545710.7304451,3152,0.0
1786545710.830445,3152,0.0
1786545710.9301338,3152,0.0
1786545711.030121,3152,0.0
1786545711.1304474,3152,0.0
1786545711.2305217,3152,0.0
1786545711.3302143,3152,0.0
1786545711.430229,3152,0.0
1786545711.5304873,3152,0.0
1786545711.6301162,3152,0.0
1786545711.7301292,3152,0.0
1786545711.8301308,3152,0.0
1786545711.9304414,3152,0.0
1786545712.0303516,3152,0.0
1786545712.130549,3152,0.0
1786545712.2305222,3152,0.0
1786545712.3302565,3152,0.0
1786545712.4305437,3152,0.0
1786545712.5305173,3152,0.0
1786545712.6305442,3152,0.0
1786545712.730502,3152,0.0
1786545712.830452,3152,0.0
1786545712.9302065,3152,0.0
1786545713.0304437,3152,0.0
1786545713.1305325,3152,0.0
1786545713.2305164,3152,0.0
1786545713.3302035,3152,0.0
1786545713.430503,3152,0.0
1786545713.5304396,3152,0.0
1786545713.6301987,3152,0.0
1786545713.7305005,3152,0.0
1786545713.830204,3152,0.0
1786545713.9303026,3152,0.0
1786545714.030224,3152,0.0
1786545714.13045,3152,0.0
1786545714.2302132,3152,0.0
1786545714.3301203,3152,0.0
1786545714.4300132,3152,0.0
1786545714.5301132,3152,0.0
1786545714.6305046,3152,0.0
1786545714.7300923,3152,0.0
1786545714.829942,3152,0.0
1786545714.9302106,3152,0.0
1786545715.0305119,3152,0.0
1786545715.130628,3152,0.0
1786545715.230457,3152,0.0
1786545715.3302326,3152,0.0
1786545715.4305282,3152,0.0
1786545715.5305154,3152,0.0
1786545715.6304607,3152,0.0
1786545715.730497,3152,0.0
1786545715.8302114,3152,0.0
1786545715.9305153,3152,0.0
1786545716.0304432,3152,0.0
1786545716.1306272,3152,0.0
1786545716.2301295,3152,0.0
1786545716.3301148,3152,0.0
1786545716.4304664,3152,0.0
1786545716.5305147,3152,0.0
1786545716.6301436,3152,0.0
1786545716.7300913,3152,0.0
1786545716.8301127,3152,0.0
1786545716.9301178,3152,0.0
1786545717.0305219,3152,0.0
1786545717.1302176,3152,0.0
1786545717.2304559,3152,0.0
1786545717.3299327,3152,0.0
1786545717.4305027,3152,0.0
1786545717.5305831,3152,0.0
1786545717.630437,3152,0.0
1786545717.7302268,3152,0.0
1786545717.8301232,3152,0.0
1786545717.9301455,3152,0.0
1786545718.0305202,3152,0.0
1786545718.1304963,3152,0.0
1786545718.2305627,3152,0.0
1786545718.3305662,3152,0.0
1786545718.4302347,3152,0.0
1786545718.5300112,3152,0.0
1786545718.6305256,3152,0.0
1786545718.730186,3152,0.0
1786545718.8301332,3152,0.0
1786545718.930138,3152,0.0
1786545719.0304446,3152,0.0
1786545719.130456,3152,0.0
1786545719.2301059,3152,0.0
1786545719.3301158,3152,0.0
1786545719.4302776,3152,0.0
1786545719.5305572,3152,0.0
1786545719.63053,3152,0.0
1786545719.7305095,3152,0.0
1786545719.8302157,3152,0.0
1786545719.9305272,3152,0.0
1786545720.0301185,3152,0.0
1786545720.1301382,3152,0.0
1786545720.2301378,3152,0.0
1786545720.3301706,3152,0.0
1786545720.430219,3152,0.0
1786545720.5304983,3152,0.0
1786545720.6302114,3152,0.0
1786545720.7301714,3152,0.0
1786545720.8298185,3152,0.0
1786545720.9302766,3152,0.0
1786545721.03051,3152,0.0
1786545721.1304686,3152,0.0
1786545721.2305312,3152,0.0
1786545721.330135,3152,0.0
1786545721.4302158,3152,0.0
1786545721.5302677,3152,0.0
1786545721.6305041,3152,0.0
1786545721.7305095,3152,0.0
1786545721.8302128,3152,0.0
1786545721.9305582,3152,0.0
1786545722.0305605,3152,0.0
1786545722.1301765,3152,0.0
1786545722.230198,3152,0.0
1786545722.330361,3152,0.0
1786545722.4301767,3152,0.0
1786545722.5305095,3152,0.0
1786545722.6300561,3152,0.0
1786545722.7301908,3152,0.0
1786545722.8300943,3152,0.0
1786545722.9301817,3152,0.0
1786545723.0301645,3152,0.0
1786545723.1304526,3152,0.0
1786545723.2304487,3152,0.0
1786545723.3304384,3152,0.0
1786545723.4305134,3152,0.0
1786545723.5305161,3152,0.0
1786545723.630438,3152,0.0
1786545723.730494,3152,0.0
1786545723.8305113,3152,0.0
1786545723.930421,3152,0.0
1786545724.0305514,3152,0.0
1786545724.1305623,3152,0.0
1786545724.230409,3152,0.0
1786545724.330136,3152,0.0
1786545724.4303358,3152,0.0
1786545724.5305483,3152,0.0
1786545724.6301181,3152,0.0
1786545724.7304444,3152,0.0
1786545724.8301568,3152,0.0
1786545724.9305248,3152,0.0
1786545725.0305247,3152,0.0
1786545725.1305952,3152,0.0
1786545725.230513,3152,0.0
1786545725.3302717,3152,0.0
1786545725.4302683,3152,0.0
1786545725.5304494,3152,0.0
1786545725.6305215,3152,0.0
1786545725.7305002,3152,0.0
1786545725.8301985,3152,0.0
1786545725.9302166,3152,0.0
1786545726.030519,3152,0.0
1786545726.130434,3152,0.0
1786545726.2304485,3152,0.0
1786545726.3301244,3152,0.0
1786545726.4302022,3152,0.0
1786545726.5301309,3152,0.0
1786545726.6305108,3152,0.0
1786545726.7303214,3152,0.0
1786545726.8301315,3152,0.0
1786545726.9301088,3152,0.0
1786545727.0305161,3152,0.0
1786545727.1301248,3152,0.0
1786545727.2305233,3152,0.0
1786545727.330177,3152,0.0
1786545727.430508,3152,0.0
1786545727.5301323,3152,0.0
1786545727.6301231,3152,0.0
1786545727.730217,3152,0.0
1786545727.8305545,3152,0.0
1786545727.9305687,3152,0.0
1786545728.030206,3152,0.0
1786545728.130449,3152,0.0
1786545728.230448,3152,0.0
1786545728.330368,3152,0.0
1786545728.430448,3152,0.0
1786545728.5304413,3152,0.0
1786545728.6301246,3152,0.0
1786545728.730551,3152,0.0
1786545728.8301523,3152,0.0
1786545728.9301271,3152,0.0
1786545729.0302336,3152,0.0
1786545729.1302304,3152,0.0
1786545729.2304893,3152,0.0
1786545729.330125,3152,0.0
1786545729.4309814,3152,0.0
1786545729.5305402,3152,0.0
1786545729.6303422,3152,0.0
1786545729.730472,3152,0.0
1786545729.830497,3152,0.0
1786545729.9304986,3152,0.0
1786545730.030549,3152,0.0
1786545730.1304405,3152,0.0
1786545730.2300303,3152,0.0
1786545730.330442,3152,0.0
1786545730.4302132,3152,0.0
1786545730.5305226,3152,0.0
1786545730.630647,3152,0.0
1786545730.7301888,3152,0.0
1786545730.8305764,3152,0.0
1786545730.930526,3152,0.0
1786545731.0301628,3152,0.0
1786545731.1304622,3152,0.0
1786545731.2301652,3152,0.0
1786545731.330528,3152,0.0
1786545731.4306204,3152,0.0
1786545731.5306745,3152,0.0
1786545731.6305437,3152,0.0
1786545731.7302945,3152,0.0
1786545731.8303993,3152,0.0
1786545731.9305322,3152,0.0
1786545732.0305161,3152,0.0
1786545732.130544,3152,0.0
1786545732.2305262,3152,0.0
1786545732.330159,3152,0.0
1786545732.4304445,3152,0.0
1786545732.5305283,3152,0.0
1786545732.6305034,3152,0.0
1786545732.7305114,3152,0.0
1786545732.830139,3152,0.0
1786545732.9304516,3152,0.0
1786545733.0305226,3152,0.0
1786545733.130519,3152,0.0
1786545733.2305114,3152,0.0
1786545733.329954,3152,0.0
1786545733.4300604,3152,0.0
1786545733.530506,3152,0.0
1786545733.6305287,3152,0.0
1786545733.730509,3152,0.0
1786545733.8301237,3152,0.0
1786545733.9305549,3152,0.0
1786545734.0305312,3152,0.0
1786545734.130094,3152,0.0
1786545734.2305217,3152,0.0
1786545734.3301976,3152,0.0
1786545734.4306054,3152,0.0
1786545734.5302145,3152,0.0
1786545734.6304054,3152,0.0
1786545734.7305918,3152,0.0
1786545734.8301249,3152,0.0
1786545734.9302146,3152,0.0
1786545735.030475,3152,0.0
1786545735.1301916,3152,0.0
1786545735.2305138,3152,0.0
1786545735.3301253,3152,0.0
1786545735.4305205,3152,0.0
1786545735.530027,3152,0.0
1786545735.630474,3152,0.0
1786545735.730517,3152,0.0
1786545735.8305943,3152,0.0
1786545735.930423,3152,0.0
1786545736.0305233,3152,0.0
1786545736.130559,3152,0.0
1786545736.2301786,3152,0.0
1786545736.330137,3152,0.0
1786545736.43051,3152,0.0
1786545736.5303442,3152,0.0
1786545736.630513,3152,0.0
1786545736.7305102,3152,0.0
1786545736.830126,3152,0.0
1786545736.9318407,3152,0.0
1786545737.0303493,3152,0.0
1786545737.1305249,3152,0.0
1786545737.2301779,3152,0.0
1786545737.3301253,3152,0.0
1786545737.4304729,3152,0.0
1786545737.5302343,3152,0.0
1786545737.630354,3152,0.0
1786545737.7305079,3152,0.0
1786545737.8301992,3152,0.0
1786545737.9305189,3152,0.0
1786545738.0304544,3152,0.0
1786545738.1301646,3152,0.0
1786545738.2305188,3152,0.0
1786545738.3302138,3152,0.0
1786545738.4301317,3152,0.0
1786545738.5305192,3152,0.0
1786545738.630208,3152,0.0
1786545738.730446,3152,0.0
1786545738.8301365,3152,0.0
1786545738.9305098,3152,0.0
1786545739.0302162,3152,0.0
1786545739.1302323,3152,0.0
1786545739.2301629,3152,0.0
1786545739.3301713,3152,0.0
1786545739.4305677,3152,0.0
1786545739.5305257,3152,0.0
1786545739.630033,3152,0.0
1786545739.7301357,3152,0.0
1786545739.8298566,3152,0.0
1786545739.9305103,3152,0.0
1786545740.030514,3152,0.0
1786545740.1305125,3152,0.0
1786545740.2300487,3152,0.0
1786545740.330126,3152,0.0
1786545740.4305487,3152,0.0
1786545740.530529,3152,0.0
1786545740.630158,3152,0.0
1786545740.730551,3152,0.0
1786545740.830229,3152,0.0
1786545740.9306312,3152,0.0
1786545741.0305486,3152,0.0
1786545741.1305137,3152,0.0
1786545741.2305186,3152,0.0
1786545741.3302112,3152,0.0
1786545741.4302065,3152,0.0
1786545741.530486,3152,0.0
1786545741.6304271,3152,0.0
1786545741.7304413,3152,0.0
1786545741.8300607,3152,0.0
1786545741.9303703,3152,0.0
1786545742.030516,3152,0.0
1786545742.1302233,3152,0.0
1786545742.2305317,3152,0.0
1786545742.330205,3152,0.0
1786545742.4304934,3152,0.0
1786545742.5305068,3152,0.0
1786545742.630213,3152,0.0
1786545742.7305088,3152,0.0
1786545742.8302174,3152,0.0
1786545742.930581,3152,0.0
1786545743.0305567,3152,0.0
1786545743.1301892,3152,0.0
1786545743.23044,3152,0.0
1786545743.330232,3152,0.0
1786545743.4302115,3152,0.0
1786545743.5302114,3152,0.0
1786545743.6304934,3152,0.0
1786545743.7304385,3152,0.0
1786545743.8305178,3152,0.0
1786545743.9300635,3152,0.0
1786545744.0305212,3152,0.0
1786545744.130102,3152,0.0
1786545744.2304468,3152,0.0
1786545744.330152,3152,0.0
1786545744.430519,3152,0.0
1786545744.530457,3152,0.0
1786545744.6305037,3152,0.0
1786545744.7305017,3152,0.0
1786545744.830109,3152,0.0
1786545744.9302325,3152,0.0
1786545745.030439,3152,0.0
1786545745.130191,3152,0.0
1786545745.2302206,3152,0.0
1786545745.3300986,3152,0.0
1786545745.4303298,3152,0.0
1786545745.5304575,3152,0.0
1786545745.6304405,3152,0.0
1786545745.7302606,3152,0.0
1786545745.830206,3152,0.0
1786545745.9304593,3152,0.0
1786545746.0305915,3152,0.0
1786545746.130367,3152,0.0
1786545746.230177,3152,0.0
1786545746.33046,3152,0.0
1786545746.430205,3152,0.0
1786545746.530453,3152,0.0
1786545746.6304448,3152,0.0
1786545746.7305129,3152,0.0
1786545746.8301036,3152,0.0
1786545746.930501,3152,0.0
1786545747.030122,3152,0.0
1786545747.1304593,3152,0.0
1786545747.2301912,3152,0.0
1786545747.3306425,3152,0.0
1786545747.4304318,3152,0.0
1786545747.530119,3152,0.0
1786545747.6305692,3152,0.0
1786545747.7306397,3152,0.0
1786545747.830796,3152,0.0
1786545747.9306576,3152,0.0
1786545748.0301,3152,0.0
1786545748.1303108,3152,0.0
1786545748.2302368,3152,0.0
1786545748.3301544,3152,0.0
1786545748.430411,3152,0.0
1786545748.5304575,3152,0.0
1786545748.6305177,3152,0.0
1786545748.7303727,3152,0.0
1786545748.8302872,3152,0.0
1786545748.9306157,3152,0.0
1786545749.0305107,3152,0.0
1786545749.1305552,3152,0.0
1786545749.2302146,3152,0.0
1786545749.3301146,3152,0.0
1786545749.4302075,3152,0.0
1786545749.5304446,3152,0.0
1786545749.630496,3152,0.0
1786545749.7305496,3152,0.0
1786545749.8301108,3152,0.0
1786545749.9304414,3152,0.0
1786545750.0305538,3152,0.0
1786545750.1305358,3152,0.0
1786545750.2305088,3152,0.0
1786545750.3302786,3152,0.0
1786545750.4302394,3152,0.0
1786545750.5305285,3152,0.0
1786545750.6303742,3152,0.0
1786545750.7305272,3152,0.0
1786545750.8301227,3152,0.0
1786545750.930455,3152,0.0
1786545751.0302258,3152,0.0
1786545751.1304488,3152,0.0
1786545751.230507,3152,0.0
1786545751.3304913,3152,0.0
1786545751.4301772,3152,0.0
1786545751.5302105,3152,0.0
1786545751.6305437,3152,0.0
1786545751.7301939,3152,0.0
1786545751.8301842,3152,0.0
1786545751.9306493,3152,0.0
1786545752.030519,3152,0.0
1786545752.1300826,3152,0.0
1786545752.2302015,3152,0.0
1786545752.3300269,3152,0.0
1786545752.4305134,3152,0.0
1786545752.5301158,3152,0.0
1786545752.6301432,3152,0.0
1786545752.730553,3152,0.0
1786545752.8301814,3152,0.0
1786545752.9303215,3152,0.0
1786545753.0304804,3152,0.0
1786545753.1306627,3152,0.0
1786545753.230522,3152,0.0
1786545753.3301332,3152,0.0
1786545753.430438,3152,0.0
1786545753.5305176,3152,0.0
1786545753.6302197,3152,0.0
1786545753.7304928,3152,0.0
1786545753.8301404,3152,0.0
1786545753.9302042,3152,0.0
1786545754.0304627,3152,0.0
1786545754.1306605,3152,0.0
1786545754.2305233,3152,0.0
1786545754.3301663,3152,0.0
1786545754.430235,3152,0.0
1786545754.5305116,3152,0.0
1786545754.6301348,3152,0.0
1786545754.730533,3152,0.0
1786545754.8305616,3152,0.0
1786545754.9305575,3152,0.0
1786545755.0304556,3152,0.0
1786545755.1304958,3152,0.0
1786545755.2304544,3152,0.0
1786545755.330539,3152,0.0
1786545755.430615,3152,0.0
1786545755.5302277,3152,0.0
1786545755.630451,3152,0.0
1786545755.7302163,3152,0.0
1786545755.8301196,3152,0.0
1786545755.9305365,3152,0.0
1786545756.030136,3152,0.0
1786545756.1305637,3152,0.0
1786545756.2301989,3152,0.0
1786545756.3301458,3152,0.0
1786545756.4300325,3152,0.0
1786545756.530528,3152,0.0
1786545756.630087,3152,0.0
1786545756.730558,3152,0.0
1786545756.8301377,3152,0.0
1786545756.9302318,3152,0.0
1786545757.030527,3152,0.0
1786545757.1305215,3152,0.0
1786545757.2305145,3152,0.0
1786545757.3302324,3152,0.0
1786545757.4304523,3152,0.0
1786545757.5302277,3152,0.0
1786545757.6305268,3152,0.0
1786545757.7302508,3152,0.0
1786545757.8305058,3152,0.0
1786545757.930517,3152,0.0
1786545758.03046,3152,0.0
1786545758.130138,3152,0.0
1786545758.230445,3152,0.0
1786545758.3305206,3152,0.0
1786545758.4305503,3152,0.0
1786545758.5305,3152,0.0
1786545758.6301877,3152,0.0
1786545758.7304485,3152,0.0
1786545758.83016,3152,0.0
1786545758.9304736,3152,0.0
1786545759.0305178,3152,0.0
1786545759.130687,3152,0.0
1786545759.230443,3152,0.0
1786545759.3300588,3152,0.0
1786545759.4301193,3152,0.0
1786545759.530195,3152,0.0
1786545759.6301496,3152,0.0
1786545759.7302089,3152,0.0
1786545759.8303692,3152,0.0
1786545759.930224,3152,0.0
1786545760.0302453,3152,0.0
1786545760.1301394,3152,0.0
1786545760.230127,3152,0.0
1786545760.3300955,3152,0.0
1786545760.4301288,3152,0.0
1786545760.530103,3152,0.0
1786545760.6301427,3152,0.0
1786545760.7301009,3152,0.0
1786545760.8301494,3152,0.0
1786545760.9301064,3152,0.0
1786545761.030099,3152,0.0
1786545761.1301227,3152,0.0
1786545761.2301698,3152,0.0
1786545761.330119,3152,0.0
1786545761.4302428,3152,0.0
1786545761.5305169,3152,0.0
1786545761.6304333,3152,0.0
1786545761.7304506,3152,0.0
1786545761.8302162,3152,0.0
1786545761.9301722,3152,0.0
1786545762.0305607,3152,0.0
1786545762.1304483,3152,0.0
1786545762.2305095,3152,0.0
1786545762.330135,3152,0.0
1786545762.4304953,3152,0.0
1786545762.5304403,3152,0.0
1786545762.630512,3152,0.0
1786545762.7305048,3152,0.0
1786545762.830132,3152,0.0
1786545762.9301863,3152,0.0
1786545763.0305274,3152,0.0
1786545763.1301634,3152,0.0
1786545763.2305498,3152,0.0
1786545763.3301477,3152,0.0
1786545763.430182,3152,0.0
1786545763.530493,3152,0.0
1786545763.6306221,3152,0.0
1786545763.7306376,3152,0.0
1786545763.8301187,3152,0.0
1786545763.9304202,3152,0.0
1786545764.0302155,3152,0.0
1786545764.1304169,3152,0.0
1786545764.230214,3152,0.0
1786545764.3299255,3152,0.0
1786545764.430879,3152,0.0
1786545764.5302095,3152,0.0
1786545764.6306748,3152,0.0
1786545764.7305112,3152,0.0
1786545764.830123,3152,0.0
1786545764.930375,3152,0.0
1786545765.0301113,3152,0.0
1786545765.1303198,3152,0.0
1786545765.2302852,3152,0.0
1786545765.330517,3152,0.0
1786545765.430187,3152,0.0
1786545765.5300987,3152,0.0
1786545765.6304147,3152,0.0
1786545765.73053,3152,0.0
1786545765.8301332,3152,0.0
1786545765.9301925,3152,0.0
1786545766.030218,3152,0.0
1786545766.130158,3152,0.0
1786545766.2302756,3152,0.0
1786545766.3302176,3152,0.0
1786545766.430198,3152,0.0
1786545766.5305653,3152,0.0
1786545766.6302035,3152,0.0
1786545766.7302086,3152,0.0
1786545766.8303826,3152,0.0
1786545766.930399,3152,0.0
1786545767.0305834,3152,0.0
1786545767.130808,3152,0.0
1786545767.2303956,3152,0.0
1786545767.330128,3152,0.0
1786545767.430133,3152,0.0
1786545767.5301518,3152,0.0
1786545767.6306303,3152,0.0
1786545767.7302172,3152,0.0
1786545767.8300946,3152,0.0
1786545767.930087,3152,0.0
1786545768.0305147,3152,0.0
1786545768.1304142,3152,0.0
1786545768.2308166,3152,0.0
1786545768.3302076,3152,0.0
1786545768.4305358,3152,0.0
1786545768.530661,3152,0.0
1786545768.6306198,3152,0.0
1786545768.7302163,3152,0.0
1786545768.830137,3152,0.0
1786545768.9301991,3152,0.0
1786545769.0305445,3152,0.0
1786545769.1302278,3152,0.0
1786545769.23052,3152,0.0
1786545769.3300495,3152,0.0
1786545769.430424,3152,0.0
1786545769.5300226,3152,0.0
1786545769.6305285,3152,0.0
1786545769.7304869,3152,0.0
1786545769.8301954,3152,0.0
1786545769.9304268,3152,0.0
1786545770.0301886,3152,0.0
1786545770.1302035,3152,0.0
1786545770.2303474,3152,0.0
1786545770.3301897,3152,0.0
1786545770.4302096,3152,0.0
1786545770.530215,3152,0.0
1786545770.6301923,3152,0.0
1786545770.7305043,3152,0.0
1786545770.830408,3152,0.0
1786545770.9302182,3152,0.0
1786545771.0302165,3152,0.0
1786545771.1304865,3152,0.0
1786545771.2304468,3152,0.0
1786545771.3302085,3152,0.0
1786545771.430512,3152,0.0
1786545771.5303118,3152,0.0
1786545771.6304643,3152,0.0
1786545771.730226,3152,0.0
1786545771.8299356,3152,0.0
1786545771.9302166,3152,0.0
1786545772.0312514,3152,0.0
1786545772.1303246,3152,0.0
1786545772.2301803,3152,0.0
1786545772.3302944,3152,0.0
1786545772.430947,3152,0.0
1786545772.530173,3152,0.0
1786545772.6301913,3152,0.0
1786545772.7306619,3152,0.0
1786545772.8302066,3152,0.0
1786545772.9305196,3152,0.0
1786545773.030146,3152,0.0
1786545773.130195,3152,0.0
1786545773.230224,3152,0.0
1786545773.330614,3152,0.0
1786545773.4300401,3152,0.0
1786545773.5302148,3152,0.0
1786545773.6301444,3152,0.0
1786545773.7303784,3152,0.0
1786545773.8300598,3152,0.0
1786545773.9302006,3152,0.0
1786545774.0302691,3152,0.0
1786545774.1302106,3152,0.0
1786545774.2303991,3152,0.0
1786545774.3301475,3152,0.0
1786545774.4306517,3152,0.0
1786545774.5305743,3152,0.0
1786545774.630116,3152,0.0
1786545774.7301133,3152,0.0
1786545774.8301032,3152,0.0
1786545774.9299486,3152,0.0
1786545775.0301025,3152,0.0
1786545775.1301167,3152,0.0
1786545775.2301304,3152,0.0
1786545775.3299587,3152,0.0
1786545775.430107,3152,0.0
1786545775.5301275,3152,0.0
1786545775.630154,3152,0.0
1786545775.730117,3152,0.0
1786545775.8299334,3152,0.0
1786545775.9301367,3152,0.0
1786545776.0301266,3152,0.0
1786545776.1300454,3152,0.0
1786545776.2301607,3152,0.0
1786545776.3301706,3152,0.0
1786545776.430218,3152,0.0
1786545776.5300572,3152,0.0
1786545776.6301038,3152,0.0
1786545776.7301342,3152,0.0
1786545776.8299212,3152,0.0
1786545776.930127,3152,0.0
1786545777.0301902,3152,0.0
1786545777.1301217,3152,0.0
1786545777.230468,3152,0.0
1786545777.3302085,3152,0.0
1786545777.4304252,3152,0.0
1786545777.5301497,3152,0.0
1786545777.630125,3152,0.0
1786545777.7301717,3152,0.0
1786545777.8299239,3152,0.0
1786545777.9302108,3152,0.0
1786545778.0302017,3152,0.0
1786545778.1302724,3152,0.0
1786545778.2301223,3152,0.0
1786545778.3299346,3152,0.0
1786545778.4301605,3152,0.0
1786545778.5301595,3152,0.0
1786545778.6301591,3152,0.0
1786545778.7301326,3152,0.0
1786545778.8299246,3152,0.0
1786545778.9301414,3152,0.0
1786545779.030132,3152,0.0
1786545779.1301343,3152,0.0
1786545779.2301366,3152,0.0
1786545779.3300478,3152,0.0
1786545779.4301229,3152,0.0
1786545779.5300288,3152,0.0
1786545779.6300273,3152,0.0
1786545779.7300594,3152,0.0
1786545779.8298767,3152,0.0
1786545779.93003,3152,0.0
1786545780.030052,3152,0.0
1786545780.1300232,3152,0.0
1786545780.2300313,3152,0.0
1786545780.3298082,3152,0.0
1786545780.430053,3152,0.0
1786545780.5298862,3152,0.0
1786545780.630692,3152,0.0
1786545780.7299936,3152,0.0
1786545780.8298397,3152,0.0
1786545780.9299629,3152,0.0
1786545781.0298715,3152,0.0
1786545781.130028,3152,0.0
1786545781.2300422,3152,0.0
1786545781.3297875,3152,0.0
1786545781.429998,3152,0.0
1786545781.5300007,3152,0.0
1786545781.63003,3152,0.0
1786545781.7300317,3152,0.0
1786545781.8305335,3152,0.0
1786545781.9300299,3152,0.0
1786545782.0301075,3152,0.0
1786545782.1301079,3152,0.0
1786545782.2300448,3152,0.0
1786545782.330053,3152,0.0
1786545782.4299679,3152,0.0
1786545782.5299478,3152,0.0
1786545782.6299558,3152,0.0
1786545782.730038,3152,0.0
1786545782.8300238,3152,0.0
1786545782.9299448,3152,0.0
1786545783.0298734,3152,0.0
1786545783.129932,3152,0.0
1786545783.2299516,3152,0.0
1786545783.3300972,3152,0.0
1786545783.430148,3152,0.0
1786545783.5301394,3152,0.0
1786545783.630429,3152,0.0
1786545783.7304244,3152,0.0
1786545783.830441,3152,0.0
1786545783.9304407,3152,0.0
1786545784.0306602,3152,0.0
1786545784.1304293,3152,0.0
1786545784.230433,3152,0.0
1786545784.3300805,3152,0.0
1786545784.4303682,3152,0.0
1786545784.5303648,3152,0.0
1786545784.6307466,3152,0.0
1786545784.730383,3152,0.0
1786545784.8302274,3152,0.0
1786545784.9305487,3152,0.0
1786545785.0305147,3152,0.0
1786545785.130561,3152,0.0
1786545785.2305202,3152,0.0
1786545785.330444,3152,0.0
1786545785.4302306,3152,0.0
1786545785.5304518,3152,0.0
1786545785.6302311,3152,0.0
1786545785.7305145,3152,0.0
1786545785.830141,3152,0.0
1786545785.9305232,3152,0.0
1786545786.0305002,3152,0.0
1786545786.1304433,3152,0.0
1786545786.2305052,3152,0.0
1786545786.3301964,3152,0.0
1786545786.4303281,3152,0.0
1786545786.5304484,3152,0.0
1786545786.6304486,3152,0.0
1786545786.7302172,3152,0.0
1786545786.8300955,3152,0.0
1786545786.9301627,3152,0.0
1786545787.0305097,3152,0.0
1786545787.1301348,3152,0.0
1786545787.2303252,3152,0.0
1786545787.3301203,3152,0.0
1786545787.4304395,3152,0.0
1786545787.530097,3152,0.0
1786545787.630452,3152,0.0
1786545787.7300267,3152,0.0
1786545787.830445,3152,0.0
1786545787.9302917,3152,0.0
1786545788.030505,3152,0.0
1786545788.130561,3152,0.0
1786545788.230525,3152,0.0
1786545788.330115,3152,0.0
1786545788.4305649,3152,0.0
1786545788.5305088,3152,0.0
1786545788.6305037,3152,0.0
1786545788.7302094,3152,0.0
1786545788.8304865,3152,0.0
1786545788.93054,3152,0.0
1786545789.0305128,3152,0.0
1786545789.130539,3152,0.0
1786545789.2305136,3152,0.0
1786545789.330118,3152,0.0
1786545789.4308774,3152,0.0
1786545789.530519,3152,0.0
1786545789.630476,3152,0.0
1786545789.730487,3152,0.0
1786545789.8301208,3152,0.0
1786545789.930553,3152,0.0
1786545790.0304432,3152,0.0
1786545790.130521,3152,0.0
1786545790.2305074,3152,0.0
1786545790.330191,3152,0.0
1786545790.4303105,3152,0.0
1786545790.5304399,3152,0.0
1786545790.6301475,3152,0.0
1786545790.730505,3152,0.0
1786545790.8303137,3152,0.0
1786545790.930323,3152,0.0
1786545791.0302048,3152,0.0
1786545791.1305242,3152,0.0
1786545791.2302082,3152,0.0
1786545791.3302166,3152,0.0
1786545791.429929,3152,0.0
1786545791.530556,3152,0.0
1786545791.6301084,3152,0.0
1786545791.7305143,3152,0.0
1786545791.8300395,3152,0.0
1786545791.9303586,3152,0.0
1786545792.0305088,3152,0.0
1786545792.1305022,3152,0.0
1786545792.2304885,3152,0.0
1786545792.3301425,3152,0.0
1786545792.4305186,3152,0.0
1786545792.5304484,3152,0.0
1786545792.6305175,3152,0.0
1786545792.7305102,3152,0.0
1786545792.830527,3152,0.0
1786545792.9301262,3152,0.0
1786545793.0304449,3152,0.0
1786545793.1305113,3152,0.0
1786545793.2305238,3152,0.0
1786545793.3305194,3152,0.0
1786545793.430055,3152,0.0
1786545793.5305216,3152,0.0
1786545793.6305218,3152,0.0
1786545793.7305388,3152,0.0
1786545793.8306673,3152,0.0
1786545793.9304574,3152,0.0
1786545794.03043,3152,0.0
1786545794.1302373,3152,0.0
1786545794.230476,3152,0.0
1786545794.330159,3152,0.0
1786545794.4301178,3152,0.0
1786545794.530517,3152,0.0
1786545794.630457,3152,0.0
1786545794.7305267,3152,0.0
1786545794.8305156,3152,0.0
1786545794.9301429,3152,0.0
1786545795.0301383,3152,0.0
1786545795.130632,3152,0.0
1786545795.230514,3152,0.0
1786545795.3304634,3152,0.0
1786545795.43045,3152,0.0
1786545795.530237,3152,0.0
1786545795.6304426,3152,0.0
1786545795.7301753,3152,0.0
1786545795.8302052,3152,0.0
1786545795.9301891,3152,0.0
1786545796.0304577,3152,0.0
1786545796.1305168,3152,0.0
1786545796.2304728,3152,0.0
1786545796.3301334,3152,0.0
1786545796.4304345,3152,0.0
1786545796.5305076,3152,0.0
1786545796.6305218,3152,0.0
1786545796.7301123,3152,0.0
1786545796.8299358,3152,0.0
1786545796.9301047,3152,0.0
1786545797.030116,3152,0.0
1786545797.1301234,3152,0.0
1786545797.230118,3152,0.0
1786545797.3301225,3152,0.0
1786545797.4304943,3152,0.0
1786545797.530206,3152,0.0
1786545797.6304288,3152,0.0
1786545797.7305408,3152,0.0
1786545797.830146,3152,0.0
1786545797.9305823,3152,0.0
1786545798.0301108,3152,0.0
1786545798.1305158,3152,0.0
1786545798.2303941,3152,0.0
1786545798.3302162,3152,0.0
1786545798.430146,3152,0.0
1786545798.5304523,3152,0.0
1786545798.630272,3152,0.0
1786545798.7305565,3152,0.0
1786545798.830253,3152,0.0
1786545798.930106,3152,0.0
1786545799.0305552,3152,0.0
1786545799.1305048,3152,0.0
1786545799.2302058,3152,0.0
1786545799.3301709,3152,0.0
1786545799.430261,3152,0.0
1786545799.5305037,3152,0.0
1786545799.630147,3152,0.0
1786545799.7304723,3152,0.0
1786545799.83011,3152,0.0
1786545799.9301987,3152,0.0
1786545800.0300066,3152,0.0
1786545800.1304543,3152,0.0
1786545800.2305522,3152,0.0
1786545800.3301842,3152,0.0
1786545800.43054,3152,0.0
1786545800.530367,3152,0.0
1786545800.6301694,3152,0.0
1786545800.730432,3152,0.0
1786545800.830241,3152,0.0
1786545800.9305322,3152,0.0
1786545801.0302148,3152,0.0
1786545801.1305308,3152,0.0
1786545801.2303224,3152,0.0
1786545801.3301992,3152,0.0
1786545801.4305522,3152,0.0
1786545801.5305526,3152,0.0
1786545801.6304972,3152,0.0
1786545801.730548,3152,0.0
1786545801.8302398,3152,0.0
1786545801.9302945,3152,0.0
1786545802.0304542,3152,0.0
1786545802.1301444,3152,0.0
1786545802.2305286,3152,0.0
1786545802.3301308,3152,0.0
1786545802.4305048,3152,0.0
1786545802.5305498,3152,0.0
1786545802.630434,3152,0.0
1786545802.7301269,3152,0.0
1786545802.830429,3152,0.0
1786545802.930137,3152,0.0
1786545803.030491,3152,0.0
1786545803.1302364,3152,0.0
1786545803.2304287,3152,0.0
1786545803.330223,3152,0.0
1786545803.4301965,3152,0.0
1786545803.5305212,3152,0.0
1786545803.6301656,3152,0.0
1786545803.7301984,3152,0.0
1786545803.8301337,3152,0.0
1786545803.9303858,3152,0.0
1786545804.030515,3152,0.0
1786545804.130013,3152,0.0
1786545804.2304535,3152,0.0
1786545804.3300564,3152,0.0
1786545804.4305227,3152,0.0
1786545804.5305212,3152,0.0
1786545804.63014,3152,0.0
1786545804.7305486,3152,0.0
1786545804.8305204,3152,0.0
1786545804.930295,3152,0.0
1786545805.0304422,3152,0.0
1786545805.1304982,3152,0.0
1786545805.2305167,3152,0.0
1786545805.330534,3152,0.0
1786545805.4304407,3152,0.0
1786545805.5305185,3152,0.0
1786545805.6305594,3152,0.0
1786545805.7305014,3152,0.0
1786545805.8305159,3152,0.0
1786545805.9305317,3152,0.0
1786545806.0305393,3152,0.0
1786545806.1305556,3152,0.0
1786545806.230554,3152,0.0
1786545806.3305204,3152,0.0
1786545806.4301338,3152,0.0
1786545806.530457,3152,0.0
1786545806.6304467,3152,0.0
1786545806.7304504,3152,0.0
1786545806.8302372,3152,0.0
1786545806.9305055,3152,0.0
1786545807.0305204,3152,0.0
1786545807.130518,3152,0.0
1786545807.2302876,3152,0.0
1786545807.3298433,3152,0.0
1786545807.4302623,3152,0.0
1786545807.5304224,3152,0.0
1786545807.6301339,3152,0.0
1786545807.7305186,3152,0.0
1786545807.830205,3152,0.0
1786545807.9305196,3152,0.0
1786545808.0300379,3152,0.0
1786545808.1304915,3152,0.0
1786545808.2301195,3152,0.0
1786545808.330127,3152,0.0
1786545808.4302833,3152,0.0
1786545808.5305502,3152,0.0
1786545808.6305094,3152,0.0
1786545808.7301378,3152,0.0
1786545808.8304436,3152,0.0
1786545808.9302225,3152,0.0
1786545809.030186,3152,0.0
1786545809.1301963,3152,0.0
1786545809.2300968,3152,0.0
1786545809.330173,3152,0.0
1786545809.4304395,3152,0.0
1786545809.5305061,3152,0.0
1786545809.6300814,3152,0.0
1786545809.7301383,3152,0.0
1786545809.8301883,3152,0.0
1786545809.9305484,3152,0.0
1786545810.0302064,3152,0.0
1786545810.130567,3152,0.0
1786545810.230333,3152,0.0
1786545810.330087,3152,0.0
1786545810.4301722,3152,0.0
1786545810.5302024,3152,0.0
1786545810.6304374,3152,0.0
1786545810.730129,3152,0.0
1786545810.8301198,3152,0.0
1786545810.930497,3152,0.0
1786545811.030424,3152,0.0
1786545811.1304424,3152,0.0
1786545811.2304587,3152,0.0
1786545811.330191,3152,0.0
1786545811.4305086,3152,0.0
1786545811.530217,3152,0.0
1786545811.6305254,3152,0.0
1786545811.7302008,3152,0.0
1786545811.8301337,3152,0.0
1786545811.9301226,3152,0.0
1786545812.030444,3152,0.0
1786545812.1300235,3152,0.0
1786545812.230515,3152,0.0
1786545812.3301063,3152,0.0
1786545812.4304345,3152,0.0
1786545812.530464,3152,0.0
1786545812.630524,3152,0.0
1786545812.730553,3152,0.0
1786545812.8303216,3152,0.0
1786545812.930516,3152,0.0
1786545813.0301795,3152,0.0
1786545813.1305215,3152,0.0
1786545813.2302327,3152,0.0
1786545813.3301494,3152,0.0
1786545813.430447,3152,0.0
1786545813.530523,3152,0.0
1786545813.630443,3152,0.0
1786545813.7305467,3152,0.0
1786545813.8302267,3152,0.0
1786545813.9301224,3152,0.0
1786545814.0305257,3152,0.0
1786545814.1304722,3152,0.0
1786545814.2305145,3152,0.0
1786545814.3301685,3152,0.0
1786545814.4305995,3152,0.0
1786545814.5305073,3152,0.0
1786545814.6304371,3152,0.0
1786545814.73055,3152,0.0
1786545814.8307374,3152,0.0
1786545814.9305003,3152,0.0
1786545815.030451,3152,0.0
1786545815.1304479,3152,0.0
1786545815.2301245,3152,0.0
1786545815.3305168,3152,0.0
1786545815.4301956,3152,0.0
1786545815.5305157,3152,0.0
1786545815.630198,3152,0.0
1786545815.7305076,3152,0.0
1786545815.8302078,3152,0.0
1786545815.930516,3152,0.0
1786545816.0302036,3152,0.0
1786545816.1304417,3152,0.0
1786545816.2300797,3152,0.0
1786545816.3301356,3152,0.0
1786545816.4304762,3152,0.0
1786545816.530528,3152,0.0
1786545816.6301446,3152,0.0
1786545816.7305245,3152,0.0
1786545816.8309958,3152,0.0
1786545816.9305239,3152,0.0
1786545817.0305088,3152,0.0
1786545817.1304471,3152,0.0
1786545817.2305079,3152,0.0
1786545817.330126,3152,0.0
1786545817.430445,3152,0.0
1786545817.5304415,3152,0.0
1786545817.630219,3152,0.0
1786545817.7301345,3152,0.0
1786545817.8305037,3152,0.0
1786545817.930463,3152,0.0
1786545818.0301845,3152,0.0
1786545818.1304493,3152,0.0
1786545818.2305067,3152,0.0
1786545818.3302536,3152,0.0
1786545818.4304218,3152,0.0
1786545818.5305667,3152,0.0
1786545818.6302156,3152,0.0
1786545818.7304552,3152,0.0
1786545818.8301306,3152,0.0
1786545818.930551,3152,0.0
1786545819.0305307,3152,0.0
1786545819.130585,3152,0.0
1786545819.2304425,3152,0.0
1786545819.330129,3152,0.0
1786545819.4305408,3152,0.0
1786545819.5301425,3152,0.0
1786545819.630236,3152,0.0
1786545819.7302449,3152,0.0
1786545819.8302224,3152,0.0
1786545819.9304297,3152,0.0
1786545820.0304494,3152,0.0
1786545820.1300433,3152,0.0
1786545820.230518,3152,0.0
1786545820.330031,3152,0.0
1786545820.43053,3152,0.0
1786545820.530517,3152,0.0
1786545820.6302602,3152,0.0
1786545820.7303948,3152,0.0
1786545820.830177,3152,0.0
1786545820.9300408,3152,0.0
1786545821.0304565,3152,0.0
1786545821.1305206,3152,0.0
1786545821.2305174,3152,0.0
1786545821.3301725,3152,0.0
1786545821.430224,3152,0.0
1786545821.5305061,3152,0.0
1786545821.6304848,3152,0.0
1786545821.7304394,3152,0.0
1786545821.8300629,3152,0.0
1786545821.9304657,3152,0.0
1786545822.030194,3152,0.0
1786545822.1305175,3152,0.0
1786545822.2305088,3152,0.0
1786545822.3301146,3152,0.0
1786545822.4303448,3152,0.0
1786545822.5305088,3152,0.0
1786545822.6301782,3152,0.0
1786545822.7301538,3152,0.0
1786545822.830701,3152,0.0
1786545822.9305599,3152,0.0
1786545823.0301733,3152,0.0
1786545823.130517,3152,0.0
1786545823.230522,3152,0.0
1786545823.3301275,3152,0.0
1786545823.430434,3152,0.0
1786545823.530481,3152,0.0
1786545823.6302032,3152,0.0
1786545823.730559,3152,0.0
1786545823.8301282,3152,0.0
1786545823.9302306,3152,0.0
1786545824.030201,3152,0.0
1786545824.1304965,3152,0.0
1786545824.2306352,3152,0.0
1786545824.3300443,3152,0.0
1786545824.4300573,3152,0.0
1786545824.530451,3152,0.0
1786545824.6302643,3152,0.0
1786545824.730527,3152,0.0
1786545824.8305032,3152,0.0
1786545824.9302006,3152,0.0
1786545825.0305252,3152,0.0
1786545825.1305134,3152,0.0
1786545825.2304478,3152,0.0
1786545825.330121,3152,0.0
1786545825.4301314,3152,0.0
1786545825.5305245,3152,0.0
1786545825.6305544,3152,0.0
1786545825.7305071,3152,0.0
1786545825.8301687,3152,0.0
1786545825.9301686,3152,0.0
1786545826.0304449,3152,0.0
1786545826.1304517,3152,0.0
1786545826.2302876,3152,0.0
1786545826.3305054,3152,0.0
1786545826.4304721,3152,0.0
1786545826.530202,3152,0.0
1786545826.630448,3152,0.0
1786545826.730541,3152,0.0
1786545826.8305953,3152,0.0
1786545826.9302263,3152,0.0
1786545827.030451,3152,0.0
1786545827.1304424,3152,0.0
1786545827.230443,3152,0.0
1786545827.3305008,3152,0.0
1786545827.4304352,3152,0.0
1786545827.5302405,3152,0.0
1786545827.6308916,3152,0.0
1786545827.7304523,3152,0.0
1786545827.8299465,3152,0.0
1786545827.9301028,3152,0.0
1786545828.0306344,3152,0.0
1786545828.1301975,3152,0.0
1786545828.230518,3152,0.0
1786545828.3301349,3152,0.0
1786545828.430115,3152,0.0
1786545828.5301132,3152,0.0
1786545828.6300936,3152,0.0
1786545828.7302058,3152,0.0
1786545828.830184,3152,0.0
1786545828.9301355,3152,0.0
1786545829.030145,3152,0.0
1786545829.1305373,3152,0.0
1786545829.2301862,3152,0.0
1786545829.330161,3152,0.0
1786545829.430343,3152,0.0
1786545829.5302932,3152,0.0
1786545829.630562,3152,0.0
1786545829.730535,3152,0.0
1786545829.8301616,3152,0.0
1786545829.9302514,3152,0.0
1786545830.030193,3152,0.0
1786545830.1305194,3152,0.0
1786545830.230446,3152,0.0
1786545830.3304505,3152,0.0
1786545830.4305108,3152,0.0
1786545830.5305285,3152,0.0
1786545830.6304429,3152,0.0
1786545830.7305524,3152,0.0
1786545830.8301399,3152,0.0
1786545830.9301717,3152,0.0
1786545831.030484,3152,0.0
1786545831.1304793,3152,0.0
1786545831.2304587,3152,0.0
1786545831.330134,3152,0.0
1786545831.4303787,3152,0.0
1786545831.5301752,3152,0.0
1786545831.630108,3152,0.0
1786545831.7301178,3152,0.0
1786545831.8299232,3152,0.0
1786545831.9309099,3152,0.0
1786545832.0302207,3152,0.0
1786545832.1304486,3152,0.0
1786545832.2305398,3152,0.0
1786545832.3302002,3152,0.0
1786545832.4301748,3152,0.0
1786545832.530114,3152,0.0
1786545832.630102,3152,0.0
1786545832.7300918,3152,0.0
1786545832.8300383,3152,0.0
1786545832.9301167,3152,0.0
1786545833.0301144,3152,0.0
1786545833.130207,3152,0.0
1786545833.2300134,3152,0.0
1786545833.330115,3152,0.0
1786545833.4300313,3152,0.0
1786545833.5301037,3152,0.0
1786545833.6302161,3152,0.0
1786545833.7300398,3152,0.0
1786545833.8299258,3152,0.0
1786545833.930166,3152,0.0
1786545834.030201,3152,0.0
1786545834.130137,3152,0.0
1786545834.2300403,3152,0.0
1786545834.329964,3152,0.0
1786545834.4300537,3152,0.0
1786545834.5299966,3152,0.0
1786545834.6300037,3152,0.0
1786545834.7299962,3152,0.0
1786545834.8298695,3152,0.0
1786545834.9300873,3152,0.0
1786545835.0299423,3152,0.0
1786545835.1300066,3152,0.0
1786545835.230062,3152,0.0
1786545835.3298588,3152,0.0
1786545835.4298613,3152,0.0
1786545835.5300255,3152,0.0
1786545835.6299374,3152,0.0
1786545835.7300076,3152,0.0
1786545835.829896,3152,0.0
1786545835.9299583,3152,0.0
1786545836.029956,3152,0.0
1786545836.130082,3152,0.0
1786545836.2299595,3152,0.0
1786545836.3300185,3152,0.0
1786545836.4299443,3152,0.0
1786545836.5300028,3152,0.0
1786545836.629999,3152,0.0
1786545836.7300415,3152,0.0
1786545836.8298597,3152,0.0
1786545836.9299254,3152,0.0
1786545837.030008,3152,0.0
1786545837.1302564,3152,0.0
1786545837.230353,3152,0.0
1786545837.330032,3152,0.0
1786545837.4300373,3152,0.0
1786545837.530135,3152,0.0
1786545837.630051,3152,0.0
1786545837.7298696,3152,0.0
1786545837.8298457,3152,0.0
1786545837.9298766,3152,0.0
1786545838.0298612,3152,0.0
1786545838.1299396,3152,0.0
1786545838.2298777,3152,0.0
1786545838.3299043,3152,0.0
1786545838.4298584,3152,0.0
1786545838.5299547,3152,0.0
1786545838.629875,3152,0.0
1786545838.7298393,3152,0.0
1786545838.8298516,3152,0.0
1786545838.9298668,3152,0.0
1786545839.0299542,3152,0.0
1786545839.129866,3152,0.0
1786545839.2299964,3152,0.0
1786545839.3298666,3152,0.0
1786545839.4300025,3152,0.0
1786545839.5570114,3152,0.0
1786545839.6298573,3152,0.0
1786545839.7298615,3152,0.0
1786545839.8298504,3152,0.0
1786545839.9302263,3152,0.0
1786545840.0301237,3152,0.0
1786545840.1300569,3152,0.0
1786545840.2300022,3152,0.0
1786545840.3300304,3152,0.0
1786545840.4300334,3152,0.0
1786545840.5299802,3152,0.0
1786545840.6305377,3152,0.0
1786545840.7299986,3152,0.0
1786545840.8299665,3152,0.0
1786545840.9312203,3152,0.0
1786545841.0302918,3152,0.0
1786545841.1301675,3152,0.0
1786545841.2304418,3152,0.0
1786545841.3311467,3152,0.0
1786545841.4300163,3152,0.0
1786545841.5299835,3152,0.0
1786545841.6302028,3152,0.0
1786545841.730572,3152,0.0
1786545841.830508,3152,0.0
1786545841.9305208,3152,0.0
1786545842.0305943,3152,0.0
1786545842.1300104,3152,0.0
1786545842.23042,3152,0.0
1786545842.3300958,3152,0.0
1786545842.430493,3152,0.0
1786545842.5304964,3152,0.0
1786545842.6301057,3152,0.0
1786545842.7305698,3152,0.0
1786545842.8306758,3152,0.0
1786545842.9304936,3152,0.0
1786545843.0303898,3152,0.0
1786545843.130362,3152,0.0
1786545843.2301414,3152,0.0
1786545843.3301055,3152,0.0
1786545843.4302406,3152,0.0
1786545843.5302625,3152,0.0
1786545843.630098,3152,0.0
1786545843.7305667,3152,0.0
1786545843.830058,3152,0.0
1786545843.9304998,3152,0.0
1786545844.0299985,3152,0.0
1786545844.1304164,3152,0.0
1786545844.2300787,3152,0.0
1786545844.330034,3152,0.0
1786545844.4302068,3152,0.0
1786545844.5302987,3152,0.0
1786545844.6304522,3152,0.0
1786545844.7303596,3152,0.0
1786545844.8308969,3152,0.0
1786545844.9300942,3152,0.0
1786545845.030191,3152,0.0
1786545845.1301234,3152,0.0
1786545845.2304482,3152,0.0
1786545845.3301651,3152,0.0
1786545845.430885,3152,0.0
1786545845.5303612,3152,0.0
1786545845.6305008,3152,0.0
1786545845.73044,3152,0.0
1786545845.8304667,3152,0.0
1786545845.9305198,3152,0.0
1786545846.0304465,3152,0.0
1786545846.130503,3152,0.0
1786545846.2303636,3152,0.0
1786545846.3301477,3152,0.0
1786545846.4300396,3152,0.0
1786545846.5304317,3152,0.0
1786545846.6301832,3152,0.0
1786545846.73043,3152,0.0
1786545846.8302238,3152,0.0
1786545846.93045,3152,0.0
1786545847.0302067,3152,0.0
1786545847.1301394,3152,0.0
1786545847.2303967,3152,0.0
1786545847.3304343,3152,0.0
1786545847.4304576,3152,0.0
1786545847.5301347,3152,0.0
1786545847.6304464,3152,0.0
1786545847.7302368,3152,0.0
1786545847.8304243,3152,0.0
1786545847.9306295,3152,0.0
1786545848.0305293,3152,0.0
1786545848.1301053,3152,0.0
1786545848.230521,3152,0.0
1786545848.3305304,3152,0.0
1786545848.4304488,3152,0.0
1786545848.530501,3152,0.0
1786545848.6304343,3152,0.0
1786545848.7305095,3152,0.0
1786545848.8301134,3152,0.0
1786545848.9305253,3152,0.0
1786545849.030543,3152,0.0
1786545849.1303132,3152,0.0
1786545849.2305074,3152,0.0
1786545849.329871,3152,0.0
1786545849.4303637,3152,0.0
1786545849.5308964,3152,0.0
1786545849.6305006,3152,0.0
1786545849.7302854,3152,0.0
1786545849.8305116,3152,0.0
1786545849.9304578,3152,0.0
1786545850.0301852,3152,0.0
1786545850.1304522,3152,0.0
1786545850.2304442,3152,0.0
1786545850.3301392,3152,0.0
1786545850.430506,3152,0.0
1786545850.5305266,3152,0.0
1786545850.6302042,3152,0.0
1786545850.7301862,3152,0.0
1786545850.829952,3152,0.0
1786545850.9305012,3152,0.0
1786545851.0302112,3152,0.0
1786545851.130556,3152,0.0
1786545851.2305164,3152,0.0
1786545851.330502,3152,0.0
1786545851.4301226,3152,0.0
1786545851.5305192,3152,0.0
1786545851.630132,3152,0.0
1786545851.7303412,3152,0.0
1786545851.8301318,3152,0.0
1786545851.9304972,3152,0.0
1786545852.0301616,3152,0.0
1786545852.1305144,3152,0.0
1786545852.2300162,3152,0.0
1786545852.3300493,3152,0.0
1786545852.4301417,3152,0.0
1786545852.5305114,3152,0.0
1786545852.630511,3152,0.0
1786545852.7301831,3152,0.0
1786545852.8300788,3152,0.0
1786545852.9305127,3152,0.0
1786545853.0304368,3152,0.0
1786545853.1305447,3152,0.0
1786545853.2304435,3152,0.0
1786545853.3304935,3152,0.0
1786545853.4305878,3152,0.0
1786545853.5304458,3152,0.0
1786545853.6305423,3152,0.0
1786545853.7301877,3152,0.0
1786545853.8301811,3152,0.0
1786545853.9304678,3152,0.0
1786545854.0305436,3152,0.0
1786545854.130536,3152,0.0
1786545854.2302413,3152,0.0
1786545854.3301384,3152,0.0
1786545854.4302082,3152,0.0
1786545854.5305018,3152,0.0
1786545854.630508,3152,0.0
1786545854.730443,3152,0.0
1786545854.8300629,3152,0.0
1786545854.930208,3152,0.0
1786545855.0304387,3152,0.0
1786545855.1304328,3152,0.0
1786545855.2304432,3152,0.0
1786545855.330154,3152,0.0
1786545855.4301343,3152,0.0
1786545855.5304482,3152,0.0
1786545855.630444,3152,0.0
1786545855.7302153,3152,0.0
1786545855.8301573,3152,0.0
1786545855.9301322,3152,0.0
1786545856.0305052,3152,0.0
1786545856.1301894,3152,0.0
1786545856.2305248,3152,0.0
1786545856.3301988,3152,0.0
1786545856.4305122,3152,0.0
1786545856.53009,3152,0.0
1786545856.6305616,3152,0.0
1786545856.73008,3152,0.0
1786545856.8301888,3152,0.0
1786545856.9303513,3152,0.0
1786545857.0304983,3152,0.0
1786545857.1304293,3152,0.0
1786545857.23052,3152,0.0
1786545857.3305035,3152,0.0
1786545857.430548,3152,0.0
1786545857.530445,3152,0.0
1786545857.6304972,3152,0.0
1786545857.7305481,3152,0.0
1786545857.8301792,3152,0.0
1786545857.9302194,3152,0.0
1786545858.0302546,3152,0.0
1786545858.1304832,3152,0.0
1786545858.2305439,3152,0.0
1786545858.3299313,3152,0.0
1786545858.4305117,3152,0.0
1786545858.5302172,3152,0.0
1786545858.6305346,3152,0.0
1786545858.7302217,3152,0.0
1786545858.8302143,3152,0.0
1786545858.930158,3152,0.0
1786545859.0302064,3152,0.0
1786545859.1301389,3152,0.0
1786545859.2302883,3152,0.0
1786545859.3301685,3152,0.0
1786545859.4305542,3152,0.0
1786545859.5300553,3152,0.0
1786545859.630503,3152,0.0
1786545859.7304473,3152,0.0
1786545859.8306127,3152,0.0
1786545859.930138,3152,0.0
1786545860.0302205,3152,0.0
1786545860.1301143,3152,0.0
1786545860.2301402,3152,0.0
1786545860.3300939,3152,0.0
1786545860.4301262,3152,0.0
1786545860.5301058,3152,0.0
1786545860.6301148,3152,0.0
1786545860.7304685,3152,0.0
1786545860.8301117,3152,0.0
1786545860.9302292,3152,0.0
1786545861.0301428,3152,0.0
1786545861.1305068,3152,0.0
1786545861.2300155,3152,0.0
1786545861.329834,3152,0.0
1786545861.4299805,3152,0.0
1786545861.5301125,3152,0.0
1786545861.6300576,3152,0.0
1786545861.7300825,3152,0.0
1786545861.8299198,3152,0.0
1786545861.9300213,3152,0.0
1786545862.0300128,3152,0.0
1786545862.1300561,3152,0.0
1786545862.2306614,3152,0.0
1786545862.3304782,3152,0.0
1786545862.4304368,3152,0.0
1786545862.5301325,3152,0.0
1786545862.630312,3152,0.0
1786545862.7305136,3152,0.0
1786545862.8304973,3152,0.0
1786545862.9301126,3152,0.0
1786545863.0301962,3152,0.0
1786545863.1301196,3152,0.0
1786545863.2304938,3152,0.0
1786545863.3302395,3152,0.0
1786545863.4300632,3152,0.0
1786545863.5304856,3152,0.0
1786545863.6304362,3152,0.0
1786545863.7304437,3152,0.0
1786545863.829919,3152,0.0
1786545863.930231,3152,0.0
1786545864.0302107,3152,0.0
1786545864.1303494,3152,0.0
1786545864.2301447,3152,0.0
1786545864.3301485,3152,0.0
1786545864.4306097,3152,0.0
1786545864.5301933,3152,0.0
1786545864.6301582,3152,0.0
1786545864.730027,3152,0.0
1786545864.830251,3152,0.0
1786545864.930033,3152,0.0
1786545865.0300188,3152,0.0
1786545865.1300542,3152,0.0
1786545865.230504,3152,0.0
1786545865.3302002,3152,0.0
1786545865.4305196,3152,0.0
1786545865.530232,3152,0.0
1786545865.6302032,3152,0.0
1786545865.730559,3152,0.0
1786545865.830138,3152,0.0
1786545865.9302278,3152,0.0
1786545866.0305054,3152,0.0
1786545866.1304245,3152,0.0
1786545866.2302415,3152,0.0
1786545866.3305564,3152,0.0
1786545866.4302213,3152,0.0
1786545866.5305555,3152,0.0
1786545866.6301477,3152,0.0
1786545866.7303166,3152,0.0
1786545866.8301356,3152,0.0
1786545866.9305756,3152,0.0
1786545867.030592,3152,0.0
1786545867.1302927,3152,0.0
1786545867.230506,3152,0.0
1786545867.329951,3152,0.0
1786545867.4301937,3152,0.0
1786545867.530276,3152,0.0
1786545867.6305056,3152,0.0
1786545867.7305174,3152,0.0
1786545867.8300617,3152,0.0
1786545867.930594,3152,0.0
1786545868.0301766,3152,0.0
1786545868.1300404,3152,0.0
1786545868.2301383,3152,0.0
1786545868.330165,3152,0.0
1786545868.430226,3152,0.0
1786545868.5306106,3152,0.0
1786545868.6303053,3152,0.0
1786545868.7304354,3152,0.0
1786545868.8299992,3152,0.0
1786545868.9302297,3152,0.0
1786545869.0301156,3152,0.0
1786545869.1301608,3152,0.0
1786545869.230494,3152,0.0
1786545869.3301342,3152,0.0
1786545869.4302104,3152,0.0
1786545869.5305312,3152,0.0
1786545869.6302009,3152,0.0
1786545869.7304993,3152,0.0
1786545869.830171,3152,0.0
1786545869.930447,3152,0.0
1786545870.0301774,3152,0.0
1786545870.1304424,3152,0.0
1786545870.2301924,3152,0.0
1786545870.3302085,3152,0.0
1786545870.430498,3152,0.0
1786545870.5301538,3152,0.0
1786545870.6300952,3152,0.0
1786545870.730497,3152,0.0
1786545870.8304346,3152,0.0
1786545870.9304426,3152,0.0
1786545871.0304391,3152,0.0
1786545871.1312432,3152,0.0
1786545871.2301435,3152,0.0
1786545871.330424,3152,0.0
1786545871.4305084,3152,0.0
1786545871.5304356,3152,0.0
1786545871.6305077,3152,0.0
1786545871.7304332,3152,0.0
1786545871.8304386,3152,0.0
1786545871.9302726,3152,0.0
1786545872.0303817,3152,0.0
1786545872.1301167,3152,0.0
1786545872.2300475,3152,0.0
1786545872.330112,3152,0.0
1786545872.4305062,3152,0.0
1786545872.5304594,3152,0.0
1786545872.6301906,3152,0.0
1786545872.7303846,3152,0.0
1786545872.830393,3152,0.0
1786545872.930097,3152,0.0
1786545873.0304806,3152,0.0
1786545873.1301343,3152,0.0
1786545873.2303164,3152,0.0
1786545873.3304648,3152,0.0
1786545873.430516,3152,0.0
1786545873.5301232,3152,0.0
1786545873.630129,3152,0.0
1786545873.7300825,3152,0.0
1786545873.8307116,3152,0.0
1786545873.9304373,3152,0.0
1786545874.0304403,3152,0.0
1786545874.1304274,3152,0.0
1786545874.2300622,3152,0.0
1786545874.3298707,3152,0.0
1786545874.4301276,3152,0.0
1786545874.5305068,3152,0.0
1786545874.630429,3152,0.0
1786545874.730269,3152,0.0
1786545874.8303123,3152,0.0
1786545874.9302683,3152,0.0
1786545875.0304852,3152,0.0
1786545875.1304302,3152,0.0
1786545875.2301445,3152,0.0
1786545875.3305857,3152,0.0
1786545875.4304414,3152,0.0
1786545875.530431,3152,0.0
1786545875.6304948,3152,0.0
1786545875.7304375,3152,0.0
1786545875.8302097,3152,0.0
1786545875.9305522,3152,0.0
1786545876.0304298,3152,0.0
1786545876.1304297,3152,0.0
1786545876.230121,3152,0.0
1786545876.330262,3152,0.0
1786545876.430205,3152,0.0
1786545876.5303113,3152,0.0
1786545876.6301336,3152,0.0
1786545876.7302217,3152,0.0
1786545876.8301299,3152,0.0
1786545876.930138,3152,0.0
1786545877.0301487,3152,0.0
1786545877.130649,3152,0.0
1786545877.230016,3152,0.0
1786545877.330125,3152,0.0
1786545877.4301128,3152,0.0
1786545877.5304449,3152,0.0
1786545877.6304448,3152,0.0
1786545877.730517,3152,0.0
1786545877.8300962,3152,0.0
1786545877.9303389,3152,0.0
1786545878.0306165,3152,0.0
1786545878.1304467,3152,0.0
1786545878.2301924,3152,0.0
1786545878.330506,3152,0.0
1786545878.4301078,3152,0.0
1786545878.5305254,3152,0.0
1786545878.630446,3152,0.0
1786545878.7305033,3152,0.0
1786545878.8304439,3152,0.0
1786545878.930559,3152,0.0
1786545879.0304322,3152,0.0
1786545879.1305144,3152,0.0
1786545879.2305572,3152,0.0
1786545879.3301432,3152,0.0
1786545879.4304469,3152,0.0
1786545879.5301328,3152,0.0
1786545879.6305397,3152,0.0
1786545879.730513,3152,0.0
1786545879.8300555,3152,0.0
1786545879.9304504,3152,0.0
1786545880.0300372,3152,0.0
1786545880.1305366,3152,0.0
1786545880.2305262,3152,0.0
1786545880.3301303,3152,0.0
1786545880.4305131,3152,0.0
1786545880.5301478,3152,0.0
1786545880.6304295,3152,0.0
1786545880.730144,3152,0.0
1786545880.830166,3152,0.0
1786545880.9302268,3152,0.0
1786545881.0305226,3152,0.0
1786545881.1300087,3152,0.0
1786545881.2302804,3152,0.0
1786545881.329874,3152,0.0
1786545881.430556,3152,0.0
1786545881.5305562,3152,0.0
1786545881.6301353,3152,0.0
1786545881.7304492,3152,0.0
1786545881.8300374,3152,0.0
1786545881.9303658,3152,0.0
1786545882.030484,3152,0.0
1786545882.1304486,3152,0.0
1786545882.2301264,3152,0.0
1786545882.3301456,3152,0.0
1786545882.4305406,3152,0.0
1786545882.5301905,3152,0.0
1786545882.6305115,3152,0.0
1786545882.7305188,3152,0.0
1786545882.8305616,3152,0.0
1786545882.9302099,3152,0.0
1786545883.0304384,3152,0.0
1786545883.1304948,3152,0.0
1786545883.2302039,3152,0.0
1786545883.3309283,3152,0.0
1786545883.430506,3152,0.0
1786545883.5305443,3152,0.0
1786545883.6300774,3152,0.0
1786545883.7304935,3152,0.0
1786545883.8302138,3152,0.0
1786545883.930127,3152,0.0
1786545884.0304427,3152,0.0
1786545884.1305234,3152,0.0
1786545884.2305188,3152,0.0
1786545884.3302186,3152,0.0
1786545884.4301686,3152,0.0
1786545884.530463,3152,0.0
1786545884.6305177,3152,0.0
1786545884.7305517,3152,0.0
1786545884.830815,3152,0.0
1786545884.930444,3152,0.0
1786545885.030172,3152,0.0
1786545885.1303744,3152,0.0
1786545885.230222,3152,0.0
1786545885.330198,3152,0.0
1786545885.4301112,3152,0.0
1786545885.5301254,3152,0.0
1786545885.6301484,3152,0.0
1786545885.7305326,3152,0.0
1786545885.8302999,3152,0.0
1786545885.9304543,3152,0.0
1786545886.0301437,3152,0.0
1786545886.1304376,3152,0.0
1786545886.2304559,3152,0.0
1786545886.3301692,3152,0.0
1786545886.4304383,3152,0.0
1786545886.5304503,3152,0.0
1786545886.6304417,3152,0.0
1786545886.7305434,3152,0.0
1786545886.8301735,3152,0.0
1786545886.9305677,3152,0.0
1786545887.0304992,3152,0.0
1786545887.1304545,3152,0.0
1786545887.2304463,3152,0.0
1786545887.3302202,3152,0.0
1786545887.4302442,3152,0.0
1786545887.5306394,3152,0.0
1786545887.6305187,3152,0.0
1786545887.7304611,3152,0.0
1786545887.8304968,3152,0.0
1786545887.9304554,3152,0.0
1786545888.03051,3152,0.0
1786545888.130212,3152,0.0
1786545888.230524,3152,0.0
1786545888.3298516,3152,0.0
1786545888.430561,3152,0.0
1786545888.5303583,3152,0.0
1786545888.6301212,3152,0.0
1786545888.7305152,3152,0.0
1786545888.8301325,3152,0.0
1786545888.9301345,3152,0.0
1786545889.0304375,3152,0.0
1786545889.1301267,3152,0.0
1786545889.23047,3152,0.0
1786545889.3301482,3152,0.0
1786545889.4305546,3152,0.0
1786545889.5300517,3152,0.0
1786545889.6301274,3152,0.0
1786545889.7300518,3152,0.0
1786545889.830509,3152,0.0
1786545889.9303265,3152,0.0
1786545890.0301554,3152,0.0
1786545890.130522,3152,0.0
1786545890.2305186,3152,0.0
1786545890.3301568,3152,0.0
1786545890.430445,3152,0.0
1786545890.5305278,3152,0.0
1786545890.6304562,3152,0.0
1786545890.7300591,3152,0.0
1786545890.8305492,3152,0.0
1786545890.9305198,3152,0.0
1786545891.0308607,3152,0.0
1786545891.1304998,3152,0.0
1786545891.2301161,3152,0.0
1786545891.3300033,3152,0.0
1786545891.430214,3152,0.0
1786545891.530366,3152,0.0
1786545891.630311,3152,0.0
1786545891.7304397,3152,0.0
1786545891.8301654,3152,0.0
1786545891.9306545,3152,0.0
1786545892.0304706,3152,0.0
1786545892.1304576,3152,0.0
1786545892.2304564,3152,0.0
1786545892.3305342,3152,0.0
1786545892.4301915,3152,0.0
1786545892.5301993,3152,0.0
1786545892.630534,3152,0.0
1786545892.7305112,3152,0.0
1786545892.8304598,3152,0.0
1786545892.9301362,3152,0.0
1786545893.030199,3152,0.0
1786545893.1306686,3152,0.0
1786545893.2300987,3152,0.0
1786545893.330514,3152,0.0
1786545893.4302044,3152,0.0
1786545893.5305204,3152,0.0
1786545893.6300228,3152,0.0
1786545893.7305067,3152,0.0
1786545893.8300989,3152,0.0
1786545893.9302108,3152,0.0
1786545894.0305083,3152,0.0
1786545894.1305995,3152,0.0
1786545894.2305179,3152,0.0
1786545894.3301437,3152,0.0
1786545894.4305174,3152,0.0
1786545894.5304532,3152,0.0
1786545894.6304398,3152,0.0
1786545894.7305236,3152,0.0
1786545894.8304346,3152,0.0
1786545894.9305177,3152,0.0
1786545895.0304236,3152,0.0
1786545895.1301804,3152,0.0
1786545895.2304523,3152,0.0
1786545895.3301225,3152,0.0
1786545895.430466,3152,0.0
1786545895.530556,3152,0.0
1786545895.6300814,3152,0.0
1786545895.7302642,3152,0.0
1786545895.8298492,3152,0.0
1786545895.9301174,3152,0.0
1786545896.030109,3152,0.0
1786545896.1300473,3152,0.0
1786545896.2301216,3152,0.0
1786545896.3299463,3152,0.0
1786545896.4300344,3152,0.0
1786545896.530101,3152,0.0
1786545896.6301346,3152,0.0
1786545896.730134,3152,0.0
1786545896.8301413,3152,0.0
1786545896.9301176,3152,0.0
1786545897.0301418,3152,0.0
1786545897.1301327,3152,0.0
1786545897.230138,3152,0.0
1786545897.3299184,3152,0.0
1786545897.430143,3152,0.0
1786545897.5301125,3152,0.0
1786545897.630121,3152,0.0
1786545897.730099,3152,0.0
1786545897.8299415,3152,0.0
1786545897.930102,3152,0.0
1786545898.0300267,3152,0.0
1786545898.1300316,3152,0.0
1786545898.230444,3152,0.0
1786545898.3303638,3152,0.0
1786545898.430446,3152,0.0
1786545898.530447,3152,0.0
1786545898.6303608,3152,0.0
1786545898.730436,3152,0.0
1786545898.830435,3152,0.0
1786545898.9301622,3152,0.0
1786545899.0305343,3152,0.0
1786545899.130122,3152,0.0
1786545899.2301452,3152,0.0
1786545899.3300362,3152,0.0
1786545899.4301348,3152,0.0
1786545899.5301166,3152,0.0
1786545899.6301103,3152,0.0
1786545899.7301311,3152,0.0
1786545899.8300397,3152,0.0
1786545899.9302104,3152,0.0
1786545900.0303001,3152,0.0
1786545900.1306868,3152,0.0
1786545900.2300138,3152,0.0
1786545900.3299975,3152,0.0
1786545900.430446,3152,0.0
1786545900.530155,3152,0.0
1786545900.6304839,3152,0.0
1786545900.7305062,3152,0.0
1786545900.8302953,3152,0.0
1786545900.9305437,3152,0.0
1786545901.030455,3152,0.0
1786545901.1302154,3152,0.0
1786545901.230556,3152,0.0
1786545901.3301294,3152,0.0
1786545901.4305224,3152,0.0
1786545901.5304244,3152,0.0
1786545901.6301289,3152,0.0
1786545901.730135,3152,0.0
1786545901.8301425,3152,0.0
1786545901.9301393,3152,0.0
1786545902.030204,3152,0.0
1786545902.1304424,3152,0.0
1786545902.2300417,3152,0.0
1786545902.3301182,3152,0.0
1786545902.4303744,3152,0.0
1786545902.5302525,3152,0.0
1786545902.630135,3152,0.0
1786545902.7301996,3152,0.0
1786545902.8300827,3152,0.0
1786545902.930583,3152,0.0
1786545903.0305521,3152,0.0
1786545903.1304553,3152,0.0
1786545903.2305193,3152,0.0
1786545903.330477,3152,0.0
1786545903.4301512,3152,0.0
1786545903.5302162,3152,0.0
1786545903.6302211,3152,0.0
1786545903.7305176,3152,0.0
1786545903.830518,3152,0.0
1786545903.9302113,3152,0.0
1786545904.0305169,3152,0.0
1786545904.1302197,3152,0.0
1786545904.230445,3152,0.0
1786545904.329863,3152,0.0
1786545904.430453,3152,0.0
1786545904.5301173,3152,0.0
1786545904.630345,3152,0.0
1786545904.730442,3152,0.0
1786545904.8302014,3152,0.0
1786545904.9300969,3152,0.0
1786545905.030372,3152,0.0
1786545905.130523,3152,0.0
1786545905.2304184,3152,0.0
1786545905.3301985,3152,0.0
1786545905.4302092,3152,0.0
1786545905.530505,3152,0.0
1786545905.6304386,3152,0.0
1786545905.7305448,3152,0.0
1786545905.8302,3152,0.0
1786545905.930429,3152,0.0
1786545906.0302668,3152,0.0
1786545906.130669,3152,0.0
1786545906.2304535,3152,0.0
1786545906.3301954,3152,0.0
1786545906.4303753,3152,0.0
1786545906.5301237,3152,0.0
1786545906.6305492,3152,0.0
1786545906.7300086,3152,0.0
1786545906.8299255,3152,0.0
1786545906.9301615,3152,0.0
1786545907.0301244,3152,0.0
1786545907.1305127,3152,0.0
1786545907.2301385,3152,0.0
1786545907.3304327,3152,0.0
1786545907.4301367,3152,0.0
1786545907.530556,3152,0.0
1786545907.630444,3152,0.0
1786545907.730373,3152,0.0
1786545907.8304431,3152,0.0
1786545907.9302053,3152,0.0
1786545908.030916,3152,0.0
1786545908.1305182,3152,0.0
1786545908.2302198,3152,0.0
1786545908.3304975,3152,0.0
1786545908.4305916,3152,0.0
1786545908.5304515,3152,0.0
1786545908.6305115,3152,0.0
1786545908.7302067,3152,0.0
1786545908.8305717,3152,0.0
1786545908.9301283,3152,0.0
1786545909.030428,3152,0.0
1786545909.1301267,3152,0.0
1786545909.2305167,3152,0.0
1786545909.329993,3152,0.0
1786545909.4301062,3152,0.0
1786545909.5304213,3152,0.0
1786545909.6301246,3152,0.0
1786545909.7305446,3152,0.0
1786545909.8300529,3152,0.0
1786545909.9304478,3152,0.0
1786545910.0301254,3152,0.0
1786545910.130489,3152,0.0
1786545910.2302253,3152,0.0
1786545910.3302658,3152,0.0
1786545910.4302065,3152,0.0
1786545910.5305233,3152,0.0
1786545910.6301937,3152,0.0
1786545910.7301488,3152,0.0
1786545910.8302138,3152,0.0
1786545910.9301374,3152,0.0
1786545911.0301168,3152,0.0
1786545911.1300633,3152,0.0
1786545911.2302759,3152,0.0
1786545911.3299496,3152,0.0
1786545911.4301732,3152,0.0
1786545911.5301423,3152,0.0
1786545911.6304426,3152,0.0
1786545911.730485,3152,0.0
1786545911.8300617,3152,0.0
1786545911.930055,3152,0.0
1786545912.030594,3152,0.0
1786545912.1302192,3152,0.0
1786545912.230524,3152,0.0
1786545912.3304472,3152,0.0
1786545912.4301777,3152,0.0
1786545912.5302477,3152,0.0
1786545912.6305172,3152,0.0
1786545912.7305055,3152,0.0
1786545912.8301475,3152,0.0
1786545912.9305525,3152,0.0
1786545913.030498,3152,0.0
1786545913.130497,3152,0.0
1786545913.2301884,3152,0.0
1786545913.3304546,3152,0.0
1786545913.4305015,3152,0.0
1786545913.530485,3152,0.0
1786545913.6304786,3152,0.0
1786545913.7302125,3152,0.0
1786545913.8305378,3152,0.0
1786545913.9301302,3152,0.0
1786545914.0301306,3152,0.0
1786545914.1302977,3152,0.0
1786545914.230507,3152,0.0
1786545914.3298986,3152,0.0
1786545914.4303308,3152,0.0
1786545914.5302262,3152,0.0
1786545914.6306157,3152,0.0
1786545914.7303934,3152,0.0
1786545914.8303397,3152,0.0
1786545914.9301918,3152,0.0
1786545915.030207,3152,0.0
1786545915.1305048,3152,0.0
1786545915.2304475,3152,0.0
1786545915.3299253,3152,0.0
1786545915.4305043,3152,0.0
1786545915.5300248,3152,0.0
1786545915.630216,3152,0.0
1786545915.730441,3152,0.0
1786545915.8305132,3152,0.0
1786545915.9303975,3152,0.0
1786545916.0301535,3152,0.0
1786545916.1305337,3152,0.0
1786545916.2301977,3152,0.0
1786545916.3302603,3152,0.0
1786545916.4302075,3152,0.0
1786545916.530432,3152,0.0
1786545916.6305451,3152,0.0
1786545916.7304516,3152,0.0
1786545916.830358,3152,0.0
1786545916.9305596,3152,0.0
1786545917.030188,3152,0.0
1786545917.1301627,3152,0.0
1786545917.2306604,3152,0.0
1786545917.3299348,3152,0.0
1786545917.4301562,3152,0.0
1786545917.530431,3152,0.0
1786545917.6305132,3152,0.0
1786545917.7304606,3152,0.0
1786545917.830129,3152,0.0
1786545917.9305034,3152,0.0
1786545918.0302033,3152,0.0
1786545918.1301396,3152,0.0
1786545918.2304547,3152,0.0
1786545918.3301961,3152,0.0
1786545918.4304533,3152,0.0
1786545918.5302308,3152,0.0
1786545918.6305676,3152,0.0
1786545918.73055,3152,0.0
1786545918.8301098,3152,0.0
1786545918.9304528,3152,0.0
1786545919.0301938,3152,0.0
1786545919.1305075,3152,0.0
1786545919.2304723,3152,0.0
1786545919.3301623,3152,0.0
1786545919.430015,3152,0.0
1786545919.5304613,3152,0.0
1786545919.6305401,3152,0.0
1786545919.7302423,3152,0.0
1786545919.8301969,3152,0.0
1786545919.9301383,3152,0.0
1786545920.0304606,3152,0.0
1786545920.1305168,3152,0.0
1786545920.2302568,3152,0.0
1786545920.3302205,3152,0.0
1786545920.430547,3152,0.0
1786545920.5305183,3152,0.0
1786545920.630449,3152,0.0
1786545920.73054,3152,0.0
1786545920.8304486,3152,0.0
1786545920.930514,3152,0.0
1786545921.0305076,3152,0.0
1786545921.1305456,3152,0.0
1786545921.230552,3152,0.0
1786545921.3305516,3152,0.0
1786545921.4300423,3152,0.0
1786545921.5305583,3152,0.0
1786545921.630527,3152,0.0
1786545921.7303176,3152,0.0
1786545921.8304527,3152,0.0
1786545921.9302216,3152,0.0
1786545922.0301452,3152,0.0
1786545922.1304908,3152,0.0
1786545922.230456,3152,0.0
1786545922.3305173,3152,0.0
1786545922.4305558,3152,0.0
1786545922.5302265,3152,0.0
1786545922.630516,3152,0.0
1786545922.730043,3152,0.0
1786545922.8302326,3152,0.0
1786545922.930142,3152,0.0
1786545923.0302136,3152,0.0
1786545923.1301358,3152,0.0
1786545923.230455,3152,0.0
1786545923.3301363,3152,0.0
1786545923.4304643,3152,0.0
1786545923.5301168,3152,0.0
1786545923.630445,3152,0.0
1786545923.7302082,3152,0.0
1786545923.8301432,3152,0.0
1786545923.930211,3152,0.0
1786545924.030523,3152,0.0
1786545924.1305356,3152,0.0
1786545924.2302024,3152,0.0
1786545924.330155,3152,0.0
1786545924.4304273,3152,0.0
1786545924.5305839,3152,0.0
1786545924.630448,3152,0.0
1786545924.7305233,3152,0.0
1786545924.830223,3152,0.0
1786545924.930201,3152,0.0
1786545925.0302157,3152,0.0
1786545925.1305244,3152,0.0
1786545925.2305093,3152,0.0
1786545925.33021,3152,0.0
1786545925.4302623,3152,0.0
1786545925.5304534,3152,0.0
1786545925.6301222,3152,0.0
1786545925.7305114,3152,0.0
1786545925.829852,3152,0.0
1786545925.930215,3152,0.0
1786545926.0301251,3152,0.0
1786545926.130121,3152,0.0
1786545926.2301602,3152,0.0
1786545926.3305595,3152,0.0
1786545926.430119,3152,0.0
1786545926.5304542,3152,0.0
1786545926.6304739,3152,0.0
1786545926.7304454,3152,0.0
1786545926.8302374,3152,0.0
1786545926.9304848,3152,0.0
1786545927.0301712,3152,0.0
1786545927.1301188,3152,0.0
1786545927.230197,3152,0.0
1786545927.330376,3152,0.0
1786545927.4301295,3152,0.0
1786545927.5305305,3152,0.0
1786545927.6301327,3152,0.0
1786545927.730528,3152,0.0
1786545927.8301914,3152,0.0
1786545927.9301212,3152,0.0
1786545928.0305152,3152,0.0
1786545928.1301239,3152,0.0
1786545928.2301087,3152,0.0
1786545928.3304865,3152,0.0
1786545928.4300952,3152,0.0
1786545928.53012,3152,0.0
1786545928.6300986,3152,0.0
1786545928.7301233,3152,0.0
1786545928.8299997,3152,0.0
1786545928.9301167,3152,0.0
1786545929.0300996,3152,0.0
1786545929.1301672,3152,0.0
1786545929.2301378,3152,0.0
1786545929.3298635,3152,0.0
1786545929.4301069,3152,0.0
1786545929.5301194,3152,0.0
1786545929.6301155,3152,0.0
1786545929.7301207,3152,0.0
1786545929.8299239,3152,0.0
1786545929.9301116,3152,0.0
1786545930.0301015,3152,0.0
1786545930.130119,3152,0.0
1786545930.230149,3152,0.0
1786545930.3298595,3152,0.0
1786545930.4300327,3152,0.0
1786545930.530019,3152,0.0
1786545930.6304517,3152,0.0
1786545930.730351,3152,0.0
1786545930.8305209,3152,0.0
1786545930.930496,3152,0.0
1786545931.0307438,3152,0.0
1786545931.1302302,3152,0.0
1786545931.2305496,3152,0.0
1786545931.3301773,3152,0.0
1786545931.4303987,3152,0.0
1786545931.5306275,3152,0.0
1786545931.6301835,3152,0.0
1786545931.7302108,3152,0.0
1786545931.8301978,3152,0.0
1786545931.9302094,3152,0.0
1786545932.0302062,3152,0.0
1786545932.1301365,3152,0.0
1786545932.230149,3152,0.0
1786545932.330114,3152,0.0
1786545932.4305134,3152,0.0
1786545932.5304432,3152,0.0
1786545932.6303864,3152,0.0
1786545932.7305136,3152,0.0
1786545932.8306847,3152,0.0
1786545932.9305522,3152,0.0
1786545933.0302422,3152,0.0
1786545933.1301816,3152,0.0
1786545933.2304978,3152,0.0
1786545933.3302917,3152,0.0
1786545933.4308555,3152,0.0
1786545933.5301282,3152,0.0
1786545933.6303098,3152,0.0
1786545933.7304459,3152,0.0
1786545933.8302116,3152,0.0
1786545933.93055,3152,0.0
1786545934.0301635,3152,0.0
1786545934.1300635,3152,0.0
1786545934.2304356,3152,0.0
1786545934.3301418,3152,0.0
1786545934.4304423,3152,0.0
1786545934.530314,3152,0.0
1786545934.630081,3152,0.0
1786545934.7301219,3152,0.0
1786545934.8298256,3152,0.0
1786545934.9298308,3152,0.0
1786545935.0299287,3152,0.0
1786545935.1298466,3152,0.0
1786545935.22996,3152,0.0
1786545935.3298836,3152,0.0
1786545935.430038,3152,0.0
1786545935.5299664,3152,0.0
1786545935.6302292,3152,0.0
1786545935.7302442,3152,0.0
1786545935.830379,3152,0.0
1786545935.930495,3152,0.0
1786545936.0303788,3152,0.0
1786545936.1303878,3152,0.0
1786545936.2301166,3152,0.0
1786545936.3311706,3152,0.0
1786545936.430199,3152,0.0
1786545936.5304306,3152,0.0
1786545936.630375,3152,0.0
1786545936.7303615,3152,0.0
1786545936.8298502,3152,0.0
1786545936.930351,3152,0.0
1786545937.0308602,3152,0.0
1786545937.1303992,3152,0.0
1786545937.2303157,3152,0.0
1786545937.330164,3152,0.0
1786545937.4303098,3152,0.0
1786545937.530227,3152,0.0
1786545937.6302314,3152,0.0
1786545937.7304454,3152,0.0
1786545937.8303194,3152,0.0
1786545937.9301903,3152,0.0
1786545938.0305572,3152,0.0
1786545938.1304662,3152,0.0
1786545938.2301142,3152,0.0
1786545938.3301878,3152,0.0
1786545938.4303312,3152,0.0
1786545938.5302525,3152,0.0
1786545938.6301634,3152,0.0
1786545938.7309198,3152,0.0
1786545938.830375,3152,0.0
1786545938.9301348,3152,0.0
1786545939.0303745,3152,0.0
1786545939.1303747,3152,0.0
1786545939.2303765,3152,0.0
1786545939.3298516,3152,0.0
1786545939.4303157,3152,0.0
1786545939.5303824,3152,0.0
1786545939.6304417,3152,0.0
1786545939.7304087,3152,0.0
1786545939.830209,3152,0.0
1786545939.930218,3152,0.0
1786545940.0303097,3152,0.0
1786545940.1302216,3152,0.0
1786545940.2303808,3152,0.0
1786545940.3299296,3152,0.0
1786545940.4304821,3152,0.0
1786545940.530055,3152,0.0
1786545940.630201,3152,0.0
1786545940.7303674,3152,0.0
1786545940.8303375,3152,0.0
1786545940.930169,3152,0.0
1786545941.0301428,3152,0.0
1786545941.1302006,3152,0.0
1786545941.2303145,3152,0.0
1786545941.3307028,3152,0.0
1786545941.4302094,3152,0.0
1786545941.5302489,3152,0.0
1786545941.6301591,3152,0.0
1786545941.730385,3152,0.0
1786545941.8301942,3152,0.0
1786545941.9303582,3152,0.0
1786545942.0303845,3152,0.0
1786545942.1301005,3152,0.0
1786545942.2302144,3152,0.0
1786545942.3303857,3152,0.0
1786545942.430302,3152,0.0
1786545942.5304947,3152,0.0
1786545942.6302886,3152,0.0
1786545942.7304044,3152,0.0
1786545942.8303795,3152,0.0
1786545942.930321,3152,0.0
1786545943.0303912,3152,0.0
1786545943.1302054,3152,0.0
1786545943.230383,3152,0.0
1786545943.3298628,3152,0.0
1786545943.4302583,3152,0.0
1786545943.5302196,3152,0.0
1786545943.6303892,3152,0.0
1786545943.7302535,3152,0.0
1786545943.8304384,3152,0.0
1786545943.930351,3152,0.0
1786545944.0302258,3152,0.0
1786545944.130217,3152,0.0
1786545944.230435,3152,0.0
1786545944.3298876,3152,0.0
1786545944.4300127,3152,0.0
1786545944.5305395,3152,0.0
1786545944.6300418,3152,0.0
1786545944.7303028,3152,0.0
1786545944.8305445,3152,0.0
1786545944.930868,3152,0.0
1786545945.0303047,3152,0.0
1786545945.1305237,3152,0.0
1786545945.2303689,3152,0.0
1786545945.3302271,3152,0.0
1786545945.4306135,3152,0.0
1786545945.5303893,3152,0.0
1786545945.6300614,3152,0.0
1786545945.7304246,3152,0.0
1786545945.8300562,3152,0.0
1786545945.9304817,3152,0.0
1786545946.030168,3152,0.0
1786545946.1304147,3152,0.0
1786545946.230302,3152,0.0
1786545946.3301294,3152,0.0
1786545946.4303954,3152,0.0
1786545946.5302541,3152,0.0
1786545946.6302867,3152,0.0
1786545946.7301667,3152,0.0
1786545946.8302605,3152,0.0
1786545946.9302392,3152,0.0
1786545947.030149,3152,0.0
1786545947.1303024,3152,0.0
1786545947.2303848,3152,0.0
1786545947.329958,3152,0.0
1786545947.430119,3152,0.0
1786545947.530191,3152,0.0
1786545947.6302152,3152,0.0
1786545947.7302222,3152,0.0
1786545947.8301897,3152,0.0
1786545947.93035,3152,0.0
1786545948.0302362,3152,0.0
1786545948.1302917,3152,0.0
1786545948.2304175,3152,0.0
1786545948.329919,3152,0.0
1786545948.4303691,3152,0.0
1786545948.5300877,3152,0.0
1786545948.6302521,3152,0.0
1786545948.7303975,3152,0.0
1786545948.8308804,3152,0.0
1786545948.930028,3152,0.0
1786545949.0304976,3152,0.0
1786545949.1301887,3152,0.0
1786545949.2303581,3152,0.0
1786545949.3299265,3152,0.0
1786545949.4300501,3152,0.0
1786545949.53017,3152,0.0
1786545949.63039,3152,0.0
1786545949.7304652,3152,0.0
1786545949.8302934,3152,0.0
1786545949.9304,3152,0.0
1786545950.030189,3152,0.0
1786545950.1303287,3152,0.0
1786545950.23027,3152,0.0
1786545950.3301642,3152,0.0
1786545950.4304333,3152,0.0
1786545950.5303254,3152,0.0
1786545950.630501,3152,0.0
1786545950.7302663,3152,0.0
1786545950.830137,3152,0.0
1786545950.9304035,3152,0.0
1786545951.0301576,3152,0.0
1786545951.1306095,3152,0.0
1786545951.2300546,3152,0.0
1786545951.3302293,3152,0.0
1786545951.4303224,3152,0.0
1786545951.530305,3152,0.0
1786545951.6300385,3152,0.0
1786545951.7301385,3152,0.0
1786545951.8300333,3152,0.0
1786545951.9300768,3152,0.0
1786545952.0308058,3152,0.0
1786545952.1301935,3152,0.0
1786545952.230453,3152,0.0
1786545952.3303015,3152,0.0
1786545952.4301965,3152,0.0
1786545952.5303712,3152,0.0
1786545952.6300507,3152,0.0
1786545952.7307632,3152,0.0
1786545952.8299143,3152,0.0
1786545952.930904,3152,0.0
1786545953.030144,3152,0.0
1786545953.13005,3152,0.0
1786545953.2304194,3152,0.0
1786545953.330281,3152,0.0
1786545953.4298565,3152,0.0
1786545953.5300252,3152,0.0
1786545953.6303759,3152,0.0
1786545953.7305038,3152,0.0
1786545953.8301442,3152,0.0
1786545953.9302218,3152,0.0
1786545954.0303626,3152,0.0
1786545954.1305344,3152,0.0
1786545954.2306037,3152,0.0
1786545954.3301291,3152,0.0
1786545954.4302826,3152,0.0
1786545954.5303159,3152,0.0
1786545954.6301854,3152,0.0
1786545954.7303133,3152,0.0
1786545954.8308651,3152,0.0
1786545954.9302895,3152,0.0
1786545955.030225,3152,0.0
1786545955.1305313,3152,0.0
1786545955.2300436,3152,0.0
1786545955.3301797,3152,0.0
1786545955.430344,3152,0.0
1786545955.530401,3152,0.0
1786545955.630081,3152,0.0
1786545955.7304237,3152,0.0
1786545955.830155,3152,0.0
1786545955.9303472,3152,0.0
1786545956.0301523,3152,0.0
1786545956.1303825,3152,0.0
1786545956.2302928,3152,0.0
1786545956.3304303,3152,0.0
1786545956.4308655,3152,0.0
1786545956.5302343,3152,0.0
1786545956.6302037,3152,0.0
1786545956.730798,3152,0.0
1786545956.8300915,3152,0.0
1786545956.9309013,3152,0.0
1786545957.0309138,3152,0.0
1786545957.130037,3152,0.0
1786545957.2301366,3152,0.0
1786545957.3301873,3152,0.0
1786545957.4309268,3152,0.0
1786545957.5303755,3152,0.0
1786545957.6303217,3152,0.0
1786545957.7303736,3152,0.0
1786545957.8303719,3152,0.0
1786545957.9300084,3152,0.0
1786545958.0302317,3152,0.0
1786545958.1301422,3152,0.0
1786545958.23022,3152,0.0
1786545958.3304427,3152,0.0
1786545958.4301372,3152,0.0
1786545958.5301452,3152,0.0
1786545958.6301076,3152,0.0
1786545958.730094,3152,0.0
1786545958.8301632,3152,0.0
1786545958.9301064,3152,0.0
1786545959.030158,3152,0.0
1786545959.1301334,3152,0.0
1786545959.2301266,3152,0.0
1786545959.330119,3152,0.0
1786545959.430161,3152,0.0
1786545959.5301423,3152,0.0
1786545959.6301188,3152,0.0
1786545959.7301824,3152,0.0
1786545959.83013,3152,0.0
1786545959.9301434,3152,0.0
1786545960.0301304,3152,0.0
1786545960.130225,3152,0.0
1786545960.2300394,3152,0.0
1786545960.3298874,3152,0.0
1786545960.4300385,3152,0.0
1786545960.5300283,3152,0.0
1786545960.6300197,3152,0.0
1786545960.73055,3152,0.0
1786545960.8300579,3152,0.0
1786545960.931052,3152,0.0
1786545961.0302913,3152,0.0
1786545961.1300955,3152,0.0
1786545961.23045,3152,0.0
1786545961.3303578,3152,0.0
1786545961.4300976,3152,0.0
1786545961.5309906,3152,0.0
1786545961.6301515,3152,0.0
1786545961.7301102,3152,0.0
1786545961.8299394,3152,0.0
1786545961.9300263,3152,0.0
1786545962.0301032,3152,0.0
1786545962.1299527,3152,0.0
1786545962.2299004,3152,0.0
1786545962.330336,3152,0.0
1786545962.4304366,3152,0.0
1786545962.5300567,3152,0.0
1786545962.6304069,3152,0.0
1786545962.7300377,3152,0.0
1786545962.830273,3152,0.0
1786545962.930971,3152,0.0
1786545963.0301857,3152,0.0
1786545963.1302462,3152,0.0
1786545963.230212,3152,0.0
1786545963.33018,3152,0.0
1786545963.4301782,3152,0.0
1786545963.5301914,3152,0.0
1786545963.6301618,3152,0.0
1786545963.7304485,3152,0.0
1786545963.830187,3152,0.0
1786545963.9306374,3152,0.0
1786545964.030305,3152,0.0
1786545964.1306229,3152,0.0
1786545964.2303965,3152,0.0
1786545964.330221,3152,0.0
1786545964.4303744,3152,0.0
1786545964.5304155,3152,0.0
1786545964.6304061,3152,0.0
1786545964.7303526,3152,0.0
1786545964.8302908,3152,0.0
1786545964.9301918,3152,0.0
1786545965.030046,3152,0.0
1786545965.1304235,3152,0.0
1786545965.2304585,3152,0.0
1786545965.3302073,3152,0.0
1786545965.4302015,3152,0.0
1786545965.5302455,3152,0.0
1786545965.630134,3152,0.0
1786545965.730226,3152,0.0
1786545965.8301766,3152,0.0
1786545965.9302738,3152,0.0
1786545966.0308516,3152,0.0
1786545966.1300201,3152,0.0
1786545966.2303522,3152,0.0
1786545966.3301806,3152,0.0
1786545966.4301622,3152,0.0
1786545966.5303812,3152,0.0
1786545966.6303196,3152,0.0
1786545966.7303128,3152,0.0
1786545966.8302023,3152,0.0
1786545966.9302251,3152,0.0
1786545967.0300632,3152,0.0
1786545967.1302214,3152,0.0
1786545967.2303703,3152,0.0
1786545967.3303072,3152,0.0
1786545967.4302254,3152,0.0
1786545967.5302052,3152,0.0
1786545967.6302252,3152,0.0
1786545967.7305398,3152,0.0
1786545967.8306494,3152,0.0
1786545967.93026,3152,0.0
1786545968.0303848,3152,0.0
1786545968.130409,3152,0.0
1786545968.2303731,3152,0.0
1786545968.330387,3152,0.0
1786545968.4308348,3152,0.0
1786545968.530444,3152,0.0
1786545968.6303577,3152,0.0
1786545968.7300136,3152,0.0
1786545968.8301735,3152,0.0
1786545968.9300597,3152,0.0
1786545969.0308971,3152,0.0
1786545969.1303492,3152,0.0
1786545969.2301934,3152,0.0
1786545969.3301384,3152,0.0
1786545969.4304297,3152,0.0
1786545969.5303118,3152,0.0
1786545969.6301277,3152,0.0
1786545969.7303157,3152,0.0
1786545969.8303585,3152,0.0
1786545969.9301796,3152,0.0
1786545970.030314,3152,0.0
1786545970.1304307,3152,0.0
1786545970.230008,3152,0.0
1786545970.3301313,3152,0.0
1786545970.4307897,3152,0.0
1786545970.5301232,3152,0.0
1786545970.630381,3152,0.0
1786545970.7310488,3152,0.0
1786545970.830125,3152,0.0
1786545970.930245,3152,0.0
1786545971.0300033,3152,0.0
1786545971.1303573,3152,-0.106681227684021
1786545971.2303777,3152,-0.106681227684021
1786545971.3302724,2707,-0.106681227684021
1786545971.4303,2707,-38.400909423828125
1786545971.5303729,2707,-38.400909423828125
1786545971.6302078,2707,-38.400909423828125
1786545971.7301168,2707,-38.400909423828125
1786545971.830815,2277,-38.400909423828125
1786545971.930235,2277,-21.32572364807129
1786545972.0304132,2277,-21.32572364807129
1786545972.130362,2277,-21.32572364807129
1786545972.230256,2277,-21.32572364807129
1786545972.3301418,1953,-21.32572364807129
1786545972.4302185,1953,-16.224489212036133
1786545972.530054,1953,-16.224489212036133
1786545972.6302845,1953,-16.224489212036133
1786545972.730173,1953,-16.224489212036133
1786545972.8298657,1630,-16.224489212036133
1786545972.930165,1630,-16.13017463684082
1786545973.0302045,1630,-16.13017463684082
1786545973.130383,1630,-16.13017463684082
1786545973.2301989,1630,-16.13017463684082
1786545973.3301704,1630,-16.13017463684082
1786545973.4300475,1034,-30.68256950378418
1786545973.530164,1034,-30.68256950378418
1786545973.6307294,1034,-30.68256950378418
1786545973.7302132,1034,-30.68256950378418
1786545973.8303769,1034,-30.68256950378418
1786545973.9300995,792,-9.962202072143555
1786545974.03019,792,-9.962202072143555
1786545974.130033,792,-9.962202072143555
1786545974.2301786,792,-9.962202072143555
1786545974.3302388,792,-9.962202072143555
1786545974.4303074,690,-7.828901767730713
1786545974.5303116,690,-7.828901767730713
1786545974.6303563,690,-7.828901767730713
1786545974.7306216,690,-7.828901767730713
1786545974.8301575,19,-7.828901767730713
1786545974.9301345,19,-32.60049819946289
1786545975.0302296,19,-32.60049819946289
1786545975.1302743,19,-32.60049819946289
1786545975.2303965,19,-32.60049819946289
1786545975.33014,-410,-32.60049819946289
1786545975.4303038,-410,-20.327852249145508
1786545975.530187,-410,-20.327852249145508
1786545975.6305616,-410,-20.327852249145508
1786545975.7300434,-410,-20.327852249145508
1786545975.8301194,-410,-20.327852249145508
1786545975.9301434,45,25.854053497314453
1786545976.030173,45,25.854053497314453
1786545976.1303687,45,25.854053497314453
1786545976.2300575,45,25.854053497314453
1786545976.3301253,45,25.854053497314453
1786545976.430062,988,46.85054397583008
1786545976.5308893,988,46.85054397583008
1786545976.6300466,988,46.85054397583008
1786545976.7300587,988,46.85054397583008
1786545976.8306105,1726,46.85054397583008
1786545976.9303713,1726,36.27287292480469
1786545977.0302882,1726,36.27287292480469
1786545977.130089,1726,36.27287292480469
1786545977.2303839,1726,36.27287292480469
1786545977.330217,2094,36.27287292480469
1786545977.430893,2094,17.686861038208008
1786545977.5302625,2094,17.686861038208008
1786545977.6301746,2094,17.686861038208008
1786545977.730883,2094,17.686861038208008
1786545977.8303268,2129,17.686861038208008
1786545977.9301229,2129,3.1254448890686035
1786545978.0301547,2129,3.1254448890686035
1786545978.1301475,2129,3.1254448890686035
1786545978.230031,2129,3.1254448890686035
1786545978.3299422,2713,3.1254448890686035
1786545978.4300194,2713,29.778629302978516
1786545978.5302713,2713,29.778629302978516
1786545978.630127,2713,29.778629302978516
1786545978.7303493,2713,29.778629302978516
1786545978.8301938,3249,29.778629302978516
1786545978.9309578,3249,26.50290298461914
1786545979.0301325,3249,26.50290298461914
1786545979.1303163,3249,26.50290298461914
1786545979.2302532,3249,26.50290298461914
1786545979.3300972,3987,26.50290298461914
1786545979.4302485,3987,37.2380485534668
1786545979.530187,3987,37.2380485534668
1786545979.630245,3987,37.2380485534668
1786545979.730379,3987,37.2380485534668
1786545979.8301084,4675,37.2380485534668
1786545979.9302418,4675,32.72297286987305
1786545980.0303786,4675,32.72297286987305
1786545980.1300442,4675,32.72297286987305
1786545980.2300463,4675,32.72297286987305
1786545980.330179,4675,32.72297286987305
1786545980.4302258,4674,0.0
1786545980.5303843,4674,0.0
1786545980.6304698,4674,0.0
1786545980.7303154,4674,0.0
1786545980.8299212,5485,0.0
1786545980.9302022,5485,43.09782409667969
1786545981.0304847,5485,43.09782409667969
1786545981.1307652,5485,43.09782409667969
1786545981.2301424,5485,43.09782409667969
1786545981.3298824,6394,43.09782409667969
1786545981.4308596,6394,43.82991027832031
1786545981.5303714,6394,43.82991027832031
1786545981.630923,6394,43.82991027832031
1786545981.7304072,6394,43.82991027832031
1786545981.8298872,6753,43.82991027832031
1786545981.9303572,6753,15.038881301879883
1786545982.0301423,6753,15.038881301879883
1786545982.1302278,6753,15.038881301879883
1786545982.2305048,6753,15.038881301879883
1786545982.3302085,5530,15.038881301879883
1786545982.430191,5530,-61.775840759277344
1786545982.5301132,5530,-61.775840759277344
1786545982.630371,5530,-61.775840759277344
1786545982.730358,5530,-61.775840759277344
1786545982.830117,4685,-61.775840759277344
1786545982.9303162,4685,-41.60720443725586
1786545983.030216,4685,-41.60720443725586
1786545983.130287,4685,-41.60720443725586
1786545983.230233,4685,-41.60720443725586
1786545983.3301327,4685,-41.60720443725586
1786545983.4301474,4681,-0.0495125986635685
1786545983.5303867,4681,-0.0495125986635685
1786545983.63041,4681,-0.0495125986635685
1786545983.7304258,4681,-0.0495125986635685
1786545983.8301883,4681,-0.0495125986635685
1786545983.9303956,4681,0.0
1786545984.0303807,4681,0.0
1786545984.130823,4681,0.0
1786545984.2302296,4681,0.0
1786545984.3301742,4681,0.0
1786545984.4302235,4681,0.0
1786545984.53043,4681,0.0
1786545984.630227,4681,0.0
1786545984.7301965,4681,0.0
1786545984.8307805,4681,0.0
1786545984.9303658,4681,0.0
1786545985.0302522,4681,0.0
1786545985.13038,4681,0.0
1786545985.230287,4681,0.0
1786545985.3306437,4681,0.0
1786545985.4303577,4681,0.0
1786545985.5301998,4681,0.0
1786545985.630524,4681,0.0
1786545985.7301567,4681,0.0
1786545985.8305125,4681,0.0
1786545985.9303696,4681,0.0
1786545986.0304687,4681,0.0
1786545986.1301794,4681,0.0
1786545986.2307727,4681,0.0
1786545986.3305883,4681,0.0
1786545986.4307199,4681,0.0
1786545986.530229,4681,0.0
1786545986.6301062,4681,0.0
1786545986.7300112,4681,0.0
1786545986.8301077,4681,0.0
1786545986.9308124,4681,0.0
1786545987.0303426,4681,0.0
1786545987.1300635,4681,0.0
1786545987.2306778,4681,0.0
1786545987.330239,4681,0.0
1786545987.430398,4681,0.0
1786545987.5305257,4681,0.0
1786545987.6301806,4681,0.0
1786545987.7301357,4681,0.0
1786545987.8302374,4681,0.0
1786545987.930293,4681,0.0
1786545988.03039,4681,0.0
1786545988.130176,4681,0.0
1786545988.2301056,4681,0.0
1786545988.3300061,4681,0.0
1786545988.4302006,4681,0.0
1786545988.5301886,4681,0.0
1786545988.6301086,4681,0.0
1786545988.7306952,4681,0.0
1786545988.830204,4681,0.0
1786545988.9304967,4681,0.0
1786545989.0300407,4681,0.0
1786545989.130304,4681,0.0
1786545989.2303581,4681,0.0
1786545989.3300383,4681,0.0
1786545989.4304159,4681,0.0
1786545989.530394,4681,0.0
1786545989.630217,4681,0.0
1786545989.7301562,4681,0.0
1786545989.8301978,4681,0.0
1786545989.930639,4681,0.0
1786545990.0303829,4681,0.0
1786545990.130293,4681,0.0
1786545990.2303295,4681,0.0
1786545990.3301518,4681,0.0
1786545990.4303055,4681,0.0
1786545990.5302489,4681,0.0
1786545990.6303551,4681,0.0
1786545990.7300227,4681,0.0
1786545990.8302894,4681,0.0
1786545990.9301057,4681,0.0
1786545991.0305972,4681,0.0
1786545991.130379,4681,0.0
1786545991.2302039,4681,0.0
1786545991.330411,4681,0.0
1786545991.430315,4681,0.0
1786545991.5300539,4681,0.0
1786545991.6303732,4681,0.0
1786545991.7301884,4681,0.0
1786545991.8300457,4681,0.0
1786545991.9306161,4681,0.0
1786545992.0303233,4681,0.0
1786545992.1301143,4681,0.0
1786545992.230187,4681,0.0
1786545992.3303757,4681,0.0
1786545992.430165,4681,0.0
1786545992.5304813,4681,0.0
1786545992.6303394,4681,0.0
1786545992.7303805,4681,0.0
1786545992.8301723,4681,0.0
1786545992.9302368,4681,0.0
1786545993.030139,4681,0.0
1786545993.130559,4681,0.0
1786545993.2302814,4681,0.0
1786545993.3302157,4681,0.0
1786545993.4300246,4681,0.0
1786545993.530385,4681,0.0
1786545993.6307075,4681,0.0
1786545993.7304626,4681,0.0
1786545993.8301992,4681,0.0
1786545993.930226,4681,0.0
1786545994.0308745,4681,0.0
1786545994.1303751,4681,0.0
1786545994.2308686,4681,0.0
1786545994.3298786,4681,0.0
1786545994.4308512,4681,0.0
1786545994.5303853,4681,0.0
1786545994.6301832,4681,0.0
1786545994.7301416,4681,0.0
1786545994.829862,4681,0.0
1786545994.9303796,4681,0.0
1786545995.030112,4681,0.0
1786545995.130266,4681,0.0
1786545995.2304082,4681,0.0
1786545995.3297517,4681,0.0
1786545995.4303339,4681,0.0
1786545995.5304255,4681,0.0
1786545995.6304712,4681,0.0
1786545995.7302,4681,0.0
1786545995.8300242,4681,0.0
1786545995.930213,4681,0.0
1786545996.0302417,4681,0.0
1786545996.1304057,4681,0.0
1786545996.2301605,4681,0.0
1786545996.3303723,4681,0.0
1786545996.4302218,4681,0.0
1786545996.5304773,4681,0.0
1786545996.6304052,4681,0.0
1786545996.7303822,4681,0.0
1786545996.8305135,4681,0.0
1786545996.9302433,4681,0.0
1786545997.0303671,4681,0.0
1786545997.1303723,4681,0.0
1786545997.2301307,4681,0.0
1786545997.3301632,4681,0.0
1786545997.4301517,4681,0.0
1786545997.5301354,4681,0.0
1786545997.6304774,4681,0.0
1786545997.7307966,4681,0.0
1786545997.8302565,4681,0.0
1786545997.9303963,4681,0.0
1786545998.030376,4681,0.0
1786545998.130109,4681,0.0
1786545998.2303412,4681,0.0
1786545998.3301861,4681,0.0
1786545998.4302728,4681,0.0
1786545998.5303476,4681,0.0
1786545998.6303642,4681,0.0
1786545998.730137,4681,0.0
1786545998.830208,4681,0.0
1786545998.9301152,4681,0.0
1786545999.0301733,4681,0.0
1786545999.1304834,4681,0.0
1786545999.2304957,4681,0.0
1786545999.3301857,4681,0.0
1786545999.4302042,4681,0.0
1786545999.5304115,4681,0.0
1786545999.6301444,4681,0.0
1786545999.7303183,4681,0.0
1786545999.8301978,4681,0.0
1786545999.9303668,4681,0.0
1786546000.0303035,4681,0.0
1786546000.130366,4681,0.0
1786546000.2306588,4681,0.0
1786546000.3300047,4681,0.0
1786546000.430611,4681,0.0
1786546000.530315,4681,0.0
1786546000.6303093,4681,0.0
1786546000.7301888,4681,0.0
1786546000.8306422,4681,0.0
1786546000.930126,4681,0.0
1786546001.0303633,4681,0.0
1786546001.1301355,4681,0.0
1786546001.2303758,4681,0.0
1786546001.3303053,4681,0.0
1786546001.4302688,4681,0.0
1786546001.5302377,4681,0.0
1786546001.6303105,4681,0.0
1786546001.7304332,4681,0.0
1786546001.8303235,4681,0.0
1786546001.9301615,4681,0.0
1786546002.0300932,4681,0.0
1786546002.1304843,4681,0.0
1786546002.2301636,4681,0.0
1786546002.330147,4681,0.0
1786546002.4301867,4681,0.0
1786546002.530441,4681,0.0
1786546002.6300852,4681,0.0
1786546002.7301428,4681,0.0
1786546002.8302875,4681,0.0
1786546002.9303613,4681,0.0
1786546003.030162,4681,0.0
1786546003.1302114,4681,0.0
1786546003.230101,4681,0.0
1786546003.3302634,4681,0.0
1786546003.4303427,4681,0.0
1786546003.5304084,4681,0.0
1786546003.630413,4681,0.0
1786546003.7302222,4681,0.0
1786546003.830287,4681,0.0
1786546003.9301882,4681,0.0
1786546004.0300417,4681,0.0
1786546004.1304414,4681,0.0
1786546004.2302108,4681,0.0
1786546004.3301466,4681,0.0
1786546004.430108,4681,0.0
1786546004.530482,4681,0.0
1786546004.6301267,4681,0.0
1786546004.730387,4681,0.0
1786546004.8302054,4681,0.0
1786546004.9308243,4681,0.0
1786546005.0304139,4681,0.0
1786546005.1301737,4681,0.0
1786546005.2301996,4681,0.0
1786546005.3301556,4681,0.0
1786546005.4302151,4681,0.0
1786546005.5302343,4681,0.0
1786546005.6304252,4681,0.0
1786546005.730236,4681,0.0
1786546005.8303802,4681,0.0
1786546005.9301784,4681,0.0
1786546006.0302567,4681,0.0
1786546006.1301737,4681,0.0
1786546006.2303822,4681,0.0
1786546006.3301578,4681,0.0
1786546006.430264,4681,0.0
1786546006.5301237,4681,0.0
1786546006.6305177,4681,0.0
1786546006.7303069,4681,0.0
1786546006.8304193,4681,0.0
1786546006.9301457,4681,0.0
1786546007.030442,4681,0.0
1786546007.1302102,4681,0.0
1786546007.230371,4681,0.0
1786546007.330375,4681,0.0
1786546007.4308388,4681,0.0
1786546007.5303674,4681,0.0
1786546007.6301677,4681,0.0
1786546007.7304115,4681,0.0
1786546007.8303077,4681,0.0
1786546007.930284,4681,0.0
1786546008.0303333,4681,0.0
1786546008.1300533,4681,0.0
1786546008.230155,4681,0.0
1786546008.3303437,4681,0.0
1786546008.4305441,4681,0.0
1786546008.5304184,4681,0.0
1786546008.6306267,4681,0.0
1786546008.7303941,4681,0.0
1786546008.8302124,4681,0.0
1786546008.9306374,4681,0.0
1786546009.0303025,4681,0.0
1786546009.130549,4681,0.0
1786546009.2303305,4681,0.0
1786546009.3301604,4681,0.0
1786546009.4301322,4681,0.0
1786546009.5302799,4681,0.0
1786546009.6302836,4681,0.0
1786546009.7307189,4681,0.0
1786546009.8303053,4681,0.0
1786546009.9300857,4681,0.0
1786546010.0303168,4681,0.0
1786546010.1302762,4681,0.0
1786546010.2301424,4681,0.0
1786546010.330315,4681,0.0
1786546010.4304254,4681,0.0
1786546010.5303204,4681,0.0
1786546010.6303666,4681,0.0
1786546010.7304487,4681,0.0
1786546010.8302233,4681,0.0
1786546010.9302397,4681,0.0
1786546011.0301797,4681,0.0
1786546011.1302695,4681,0.0
1786546011.2302067,4681,0.0
1786546011.3303177,4681,0.0
1786546011.4303422,4681,0.0
1786546011.5301933,4681,0.0
1786546011.6304047,4681,0.0
1786546011.7301984,4681,0.0
1786546011.8303108,4681,0.0
1786546011.9302151,4681,0.0
1786546012.030144,4681,0.0
1786546012.1302032,4681,0.0
1786546012.2302988,4681,0.0
1786546012.3304176,4681,0.0
1786546012.430735,4681,0.0
1786546012.5301547,4681,0.0
1786546012.6306636,4681,0.0
1786546012.7301958,4681,0.0
1786546012.8301673,4681,0.0
1786546012.9302216,4681,0.0
1786546013.0303552,4681,0.0
1786546013.1308548,4681,0.0
1786546013.2301843,4681,0.0
1786546013.3303187,4681,0.0
1786546013.4304683,4681,0.0
1786546013.5302951,4681,0.0
1786546013.6303015,4681,0.0
1786546013.7301543,4681,0.0
1786546013.8302307,4681,0.0
1786546013.9301403,4681,0.0
1786546014.0302756,4681,0.0
1786546014.1301777,4681,0.0
1786546014.2301419,4681,0.0
1786546014.3301327,4681,0.0
1786546014.4301677,4681,0.0
1786546014.5302012,4681,0.0
1786546014.6301873,4681,0.0
1786546014.7301624,4681,0.0
1786546014.8301904,4681,0.0
1786546014.9301438,4681,0.0
1786546015.0302336,4681,0.0
1786546015.130654,4681,0.0
1786546015.230383,4681,0.0
1786546015.3302395,4681,0.0
1786546015.430157,4681,0.0
1786546015.5302963,4681,0.0
1786546015.630243,4681,0.0
1786546015.7300622,4681,0.0
1786546015.8308504,4681,0.0
1786546015.9301474,4681,0.0
1786546016.0303984,4681,0.0
1786546016.1304173,4681,0.0
1786546016.2303855,4681,0.0
1786546016.3301597,4681,0.0
1786546016.4303594,4681,0.0
1786546016.5302298,4681,0.0
1786546016.630174,4681,0.0
1786546016.730228,4681,0.0
1786546016.830216,4681,0.0
1786546016.9304097,4681,0.0
1786546017.0302575,4681,0.0
1786546017.1304696,4681,0.0
1786546017.230211,4681,0.0
1786546017.3301952,4681,0.0
1786546017.430349,4681,0.0
1786546017.5303733,4681,0.0
1786546017.630846,4681,0.0
1786546017.7301207,4681,0.0
1786546017.830183,4681,0.0
1786546017.930211,4681,0.0
1786546018.0301306,4681,0.0
1786546018.1303651,4681,0.0
1786546018.230193,4681,0.0
1786546018.330426,4681,0.0
1786546018.430175,4681,0.0
1786546018.5303714,4681,0.0
1786546018.630141,4681,0.0
1786546018.7303288,4681,0.0
1786546018.8300574,4681,0.0
1786546018.9307914,4681,0.0
1786546019.0300486,4681,0.0
1786546019.1302395,4681,0.0
1786546019.2301602,4681,0.0
1786546019.3301287,4681,0.0
1786546019.430197,4681,0.0
1786546019.5304456,4681,0.0
1786546019.6302426,4681,0.0
1786546019.7303846,4681,0.0
1786546019.8304076,4681,0.0
1786546019.9303706,4681,0.0
1786546020.0306406,4681,0.0
1786546020.1303217,4681,0.0
1786546020.2302086,4681,0.0
1786546020.3301404,4681,0.0
1786546020.4302104,4681,0.0
1786546020.5302446,4681,0.0
1786546020.630414,4681,0.0
1786546020.7303767,4681,0.0
1786546020.8302279,4681,0.0
1786546020.9308765,4681,0.0
1786546021.030222,4681,0.0
1786546021.130705,4681,0.0
1786546021.2303765,4681,0.0
1786546021.3298507,4681,0.0
1786546021.4301798,4681,0.0
1786546021.530414,4681,0.0
1786546021.630407,4681,0.0
1786546021.7303197,4681,0.0
1786546021.8307345,4681,0.0
1786546021.9301445,4681,0.0
1786546022.0300348,4681,0.0
1786546022.1303613,4681,0.0
1786546022.2304752,4681,0.0
1786546022.3301153,4681,0.0
1786546022.4304159,4681,0.0
1786546022.530359,4681,0.0
1786546022.6303754,4681,0.0
1786546022.7303672,4681,0.0
1786546022.8301847,4681,0.0
1786546022.9300854,4681,0.0
1786546023.030361,4681,0.0
1786546023.1304736,4681,0.0
1786546023.2302454,4681,0.0
1786546023.3301554,4681,0.0
1786546023.430212,4681,0.0
1786546023.5304117,4681,0.0
1786546023.6303074,4681,0.0
1786546023.730472,4681,0.0
1786546023.8306968,4681,0.0
1786546023.930378,4681,0.0
1786546024.0302954,4681,0.0
1786546024.1304498,4681,0.0
1786546024.230296,4681,0.0
1786546024.3302383,4681,0.0
1786546024.4302323,4681,0.0
1786546024.5304174,4681,0.0
1786546024.6303031,4681,0.0
1786546024.7303116,4681,0.0
1786546024.8303123,4681,0.0
1786546024.9301875,4681,0.0
1786546025.0301926,4681,0.0
1786546025.1302392,4681,0.0
1786546025.2301188,4681,0.0
1786546025.3302999,4681,0.0
1786546025.4301825,4681,0.0
1786546025.5305805,4681,0.0
1786546025.6301537,4681,0.0
1786546025.730231,4681,0.0
1786546025.8301806,4681,0.0
1786546025.9304402,4681,0.0
1786546026.030328,4681,0.0
1786546026.1301332,4681,0.0
1786546026.230128,4681,0.0
1786546026.330327,4682,0.0
1786546026.430122,4682,0.41729435324668884
1786546026.5302088,4682,0.41729435324668884
1786546026.630265,4682,0.41729435324668884
1786546026.7301705,4682,0.41729435324668884
1786546026.8299422,4084,0.41729435324668884
1786546026.9302206,4084,-33.638694763183594
1786546027.0301697,4084,-33.638694763183594
1786546027.1303067,4084,-33.638694763183594
1786546027.2304735,4084,-33.638694763183594
1786546027.3303735,4084,-33.638694763183594
1786546027.4304483,3677,-19.507349014282227
1786546027.5302002,3677,-19.507349014282227
1786546027.6302915,3677,-19.507349014282227
1786546027.7301273,3677,-19.507349014282227
1786546027.8302107,3396,-19.507349014282227
1786546027.9301853,3396,-13.78419017791748
1786546028.0300584,3396,-13.78419017791748
1786546028.130381,3396,-13.78419017791748
1786546028.2302952,3396,-13.78419017791748
1786546028.330256,3396,-13.78419017791748
1786546028.4302123,3133,-12.123892784118652
1786546028.5303223,3133,-12.123892784118652
1786546028.630293,3133,-12.123892784118652
1786546028.7304106,3133,-12.123892784118652
1786546028.830227,3564,-12.123892784118652
1786546028.9302366,3564,23.445499420166016
1786546029.030368,3564,23.445499420166016
1786546029.1306686,3564,23.445499420166016
1786546029.2304103,3564,23.445499420166016
1786546029.3299417,4006,23.445499420166016
1786546029.4301925,4006,21.782236099243164
1786546029.530322,4006,21.782236099243164
1786546029.6302693,4006,21.782236099243164
1786546029.730219,4006,21.782236099243164
1786546029.8301983,4486,21.782236099243164
1786546029.9306068,4486,24.075984954833984
1786546030.0301387,4486,24.075984954833984
1786546030.1302216,4486,24.075984954833984
1786546030.230422,4486,24.075984954833984
1786546030.3300822,4486,24.075984954833984
1786546030.4302735,4967,23.567949295043945
1786546030.530218,4967,23.567949295043945
1786546030.630203,4967,23.567949295043945
1786546030.730825,4967,23.567949295043945
1786546030.8298652,5408,23.567949295043945
1786546030.93053,5408,20.050945281982422
1786546031.0308642,5408,20.050945281982422
1786546031.130034,5408,20.050945281982422
1786546031.230242,5408,20.050945281982422
1786546031.3301773,5395,20.050945281982422
1786546031.4303863,5395,-0.5902465581893921
1786546031.5302346,5395,-0.5902465581893921
1786546031.6301363,5395,-0.5902465581893921
1786546031.7301402,5395,-0.5902465581893921
1786546031.8303115,5395,-0.5902465581893921
1786546031.9302802,5690,16.83420753479004
1786546032.030131,5690,16.83420753479004
1786546032.1302376,5690,16.83420753479004
1786546032.2302344,5690,16.83420753479004
1786546032.3302205,5690,16.83420753479004
1786546032.4302135,6013,14.02400016784668
1786546032.530206,6013,14.02400016784668
1786546032.630503,6013,14.02400016784668
1786546032.730287,6013,14.02400016784668
1786546032.8305683,6036,14.02400016784668
1786546032.9300282,6036,0.6546835899353027
1786546033.030542,6036,0.6546835899353027
1786546033.1304991,6036,0.6546835899353027
1786546033.2303622,6036,0.6546835899353027
1786546033.3301468,6036,0.6546835899353027
1786546033.4302418,6036,0.0
1786546033.5303695,6036,0.0
1786546033.6302245,6036,0.0
1786546033.730491,6036,0.0
1786546033.8301022,6036,0.0
1786546033.9302442,6036,0.0
1786546034.0304139,6036,0.0
1786546034.1301117,6036,0.0
1786546034.2302206,6036,0.0
1786546034.330148,6036,0.0
1786546034.4302654,6036,0.0
1786546034.5303116,6036,0.0
1786546034.6303916,6036,0.0
1786546034.7304134,6036,0.0
1786546034.8302062,6036,0.0
1786546034.9308825,6036,0.0
1786546035.0308006,6036,0.0
1786546035.1302125,6036,0.0
1786546035.2306118,6036,0.0
1786546035.330355,6036,0.0
1786546035.4300926,6036,0.0
1786546035.5306172,6036,0.0
1786546035.630567,6036,0.0
1786546035.7303712,6036,0.0
1786546035.8310297,6036,0.0
1786546035.9303763,6036,0.0
1786546036.0301814,6036,0.0
1786546036.1304257,6036,0.0
1786546036.2302215,6036,0.0
1786546036.3303206,6036,0.0
1786546036.4303815,6036,0.0
1786546036.530381,6036,0.0
1786546036.630224,6036,0.0
1786546036.7304351,6036,0.0
1786546036.830355,6036,0.0
1786546036.9301531,6036,0.0
1786546037.0303447,6036,0.0
1786546037.1300569,6036,0.0
1786546037.2303786,6036,0.0
1786546037.330212,6036,0.0
1786546037.4302258,6036,0.0
1786546037.5304718,6036,0.0
1786546037.6302373,6036,0.0
1786546037.7302077,6036,0.0
1786546037.8301787,6036,0.0
1786546037.930638,6036,0.0
1786546038.0308042,6036,0.0
1786546038.1302586,6036,0.0
1786546038.2303872,6036,0.0
1786546038.3302207,6036,0.0
1786546038.430197,6036,0.0
1786546038.5303712,6036,0.0
1786546038.6303787,6036,0.0
1786546038.7304466,6036,0.0
1786546038.8307312,6036,0.0
1786546038.9302008,6036,0.0
1786546039.0302238,6036,0.0
1786546039.1301963,6036,0.0
1786546039.2304475,6036,0.0
1786546039.3299346,6036,0.0
1786546039.4307911,6036,0.0
1786546039.5301523,6036,0.0
1786546039.630525,6036,0.0
1786546039.7304301,6036,0.0
1786546039.8304148,6036,0.0
1786546039.9306448,6036,0.0
1786546040.0304174,6036,0.0
1786546040.1301885,6036,0.0
1786546040.2303882,6036,0.0
1786546040.330166,6036,0.0
1786546040.43032,6036,0.0
1786546040.530155,6036,0.0
1786546040.6301515,6036,0.0
1786546040.7304218,6036,0.0
1786546040.8304183,6036,0.0
1786546040.9301302,6036,0.0
1786546041.0303364,6036,0.0
1786546041.1308515,6036,0.0
1786546041.2301943,6036,0.0
1786546041.330272,6036,0.0
1786546041.430252,6036,0.0
1786546041.5303738,6036,0.0
1786546041.6303735,6036,0.0
1786546041.730379,6036,0.0
1786546041.830574,6036,0.0
1786546041.9301298,6036,0.0
1786546042.0304098,6036,0.0
1786546042.1303687,6036,0.0
1786546042.2303255,6036,0.0
1786546042.330143,6036,0.0
1786546042.4306004,6036,0.0
1786546042.530166,6036,0.0
1786546042.6303768,6036,0.0
1786546042.7301679,6036,0.0
1786546042.8302155,6036,0.0
1786546042.9302723,6036,0.0
1786546043.0303383,6036,0.0
1786546043.1303797,6036,0.0
1786546043.2303717,6036,0.0
1786546043.3300476,6036,0.0
1786546043.4300637,6036,0.0
1786546043.5303683,6036,0.0
1786546043.6300955,6036,0.0
1786546043.7302287,6036,0.0
1786546043.8300936,6036,0.0
1786546043.9303808,6036,0.0
1786546044.0301616,6036,0.0
1786546044.1304603,6036,0.0
1786546044.2303758,6036,0.0
1786546044.3301435,6015,0.0
1786546044.4304626,6015,-0.7796662449836731
1786546044.5302148,6015,-0.7796662449836731
1786546044.6303797,6015,-0.7796662449836731
1786546044.7303755,6015,-0.7796662449836731
1786546044.8304412,6589,-0.7796662449836731
1786546044.9306617,6589,30.362369537353516
1786546045.030119,6589,30.362369537353516
1786546045.1303854,6589,30.362369537353516
1786546045.2303936,6589,30.362369537353516
1786546045.3301203,6849,30.362369537353516
1786546045.430286,6849,12.096063613891602
1786546045.5301147,6849,12.096063613891602
1786546045.6303089,6849,12.096063613891602
1786546045.7307413,6849,12.096063613891602
1786546045.8301353,7357,12.096063613891602
1786546045.9304206,7357,26.462242126464844
1786546046.0303807,7357,26.462242126464844
1786546046.1304212,7357,26.462242126464844
1786546046.2302074,7357,26.462242126464844
1786546046.330387,7678,26.462242126464844
1786546046.430222,7678,15.910775184631348
1786546046.5304248,7678,15.910775184631348
1786546046.6302252,7678,15.910775184631348
1786546046.7302065,7678,15.910775184631348
1786546046.8302152,8254,15.910775184631348
1786546046.930479,8254,29.53417205810547
1786546047.0303206,8254,29.53417205810547
1786546047.1303606,8254,29.53417205810547
1786546047.2304275,8254,29.53417205810547
1786546047.3302226,8666,29.53417205810547
1786546047.4302163,8666,19.104372024536133
1786546047.5303016,8666,19.104372024536133
1786546047.630521,8666,19.104372024536133
1786546047.7301,8666,19.104372024536133
1786546047.8307257,7822,19.104372024536133
1786546047.9301252,7822,-43.10832214355469
1786546048.030379,7822,-43.10832214355469
1786546048.1304784,7822,-43.10832214355469
1786546048.230209,7822,-43.10832214355469
1786546048.3308363,7822,-43.10832214355469
1786546048.4301345,7104,-36.033836364746094
1786546048.5302176,7104,-36.033836364746094
1786546048.6303818,7104,-36.033836364746094
1786546048.730298,7104,-36.033836364746094
1786546048.8302922,7326,-36.033836364746094
1786546048.930189,7326,14.931818008422852
1786546049.0301092,7326,14.931818008422852
1786546049.1303966,7326,14.931818008422852
1786546049.2303033,7326,14.931818008422852
1786546049.3302212,7868,14.931818008422852
1786546049.4303193,7868,26.147653579711914
1786546049.5302103,7868,26.147653579711914
1786546049.6304543,7868,26.147653579711914
1786546049.730816,7868,26.147653579711914
1786546049.830379,7442,26.147653579711914
1786546049.9302583,7442,-22.59505844116211
1786546050.0303774,7442,-22.59505844116211
1786546050.1301422,7442,-22.59505844116211
1786546050.2302372,7442,-22.59505844116211
1786546050.3298607,8016,-22.59505844116211
1786546050.430169,8016,29.10711669921875
1786546050.5304823,8016,29.10711669921875
1786546050.630443,8016,29.10711669921875
1786546050.73039,8016,29.10711669921875
1786546050.8304121,7574,29.10711669921875
1786546050.93057,7574,-23.310302734375
1786546051.0302348,7574,-23.310302734375
1786546051.1304324,7574,-23.310302734375
1786546051.2302356,7574,-23.310302734375
1786546051.3303673,7573,-23.310302734375
1786546051.4302175,7573,0.0
1786546051.5303524,7573,0.0
1786546051.6302946,7573,0.0
1786546051.7302196,7573,0.0
1786546051.8301892,7774,0.0
1786546051.930323,7774,11.312915802001953
1786546052.0300899,7774,11.312915802001953
1786546052.130465,7774,11.312915802001953
1786546052.2300336,7774,11.312915802001953
1786546052.3302484,7774,11.312915802001953
1786546052.430383,7774,11.312915802001953
1786546052.5300386,7509,-6.263319492340088
1786546052.630198,7509,-6.263319492340088
1786546052.7306516,7509,-6.263319492340088
1786546052.8308861,7896,-6.263319492340088
1786546052.9305258,7896,14.711882591247559
1786546053.0302699,7896,14.711882591247559
1786546053.1302164,7896,14.711882591247559
1786546053.230299,7896,14.711882591247559
1786546053.3304753,7896,14.711882591247559
1786546053.4302187,7878,-3.7001821994781494
1786546053.5303931,7878,-3.7001821994781494
1786546053.6303036,7878,-3.7001821994781494
1786546053.7303648,7878,-3.7001821994781494
1786546053.8302164,7770,-3.7001821994781494
1786546053.9304583,7770,-0.40798258781433105
1786546054.0302978,7770,-0.40798258781433105
1786546054.1303923,7770,-0.40798258781433105
1786546054.2301342,7770,-0.40798258781433105
1786546054.3301282,7739,-0.40798258781433105
1786546054.4303126,7739,-1.4144362211227417
1786546054.530391,7739,-1.4144362211227417
1786546054.6302037,7739,-1.4144362211227417
1786546054.7302623,7739,-1.4144362211227417
1786546054.8300896,7628,-1.4144362211227417
1786546054.9302204,7628,-6.810398101806641
1786546055.030415,7628,-6.810398101806641
1786546055.1301794,7628,-6.810398101806641
1786546055.2303102,7628,-6.810398101806641
1786546055.3302045,7628,-6.810398101806641
1786546055.430243,7628,-6.810398101806641
1786546055.5302114,7683,3.6568503379821777
1786546055.6304245,7683,3.6568503379821777
1786546055.7301555,7683,3.6568503379821777
1786546055.8302057,7683,3.6568503379821777
1786546055.930355,7696,0.0
1786546056.0304916,7696,0.0
1786546056.1300051,7696,0.0
1786546056.2303731,7696,0.0
1786546056.3302102,7631,0.0
1786546056.4301484,7631,-3.393211603164673
1786546056.530451,7631,-3.393211603164673
1786546056.630244,7631,-3.393211603164673
1786546056.73039,7631,-3.393211603164673
1786546056.8302436,8106,-3.393211603164673
1786546056.9301143,8106,25.137365341186523
1786546057.0301344,8106,25.137365341186523
1786546057.1303892,8106,25.137365341186523
1786546057.2304955,8106,25.137365341186523
1786546057.3308067,8538,25.137365341186523
1786546057.4301834,8538,17.84469223022461
1786546057.5303745,8538,17.84469223022461
1786546057.6301715,8538,17.84469223022461
1786546057.73043,8538,17.84469223022461
1786546057.8301914,8538,17.84469223022461
1786546057.9302075,7480,17.84469223022461
1786546058.0304863,7480,-47.31004333496094
1786546058.1301713,7480,-47.31004333496094
1786546058.2302096,7480,-47.31004333496094
1786546058.3307128,7480,-47.31004333496094
1786546058.4301405,8092,43.93824005126953
1786546058.530207,8092,43.93824005126953
1786546058.6302547,8092,43.93824005126953
1786546058.7301872,8092,43.93824005126953
1786546058.8301623,8561,43.93824005126953
1786546058.9304006,8561,13.191988945007324
1786546059.0302176,8561,13.191988945007324
1786546059.1303828,8561,13.191988945007324
1786546059.230364,8561,13.191988945007324
1786546059.3301806,7764,13.191988945007324
1786546059.4304497,7764,-34.038352966308594
1786546059.530247,7764,-34.038352966308594
1786546059.6303885,7764,-34.038352966308594
1786546059.730377,7764,-34.038352966308594
1786546059.8303921,8392,-34.038352966308594
1786546059.9301364,8392,29.90442657470703
1786546060.0303016,8392,29.90442657470703
1786546060.1303556,8392,29.90442657470703
1786546060.2300863,8392,29.90442657470703
1786546060.3304327,7841,29.90442657470703
1786546060.430193,7841,-26.817955017089844
1786546060.5302255,7841,-26.817955017089844
1786546060.6304157,7841,-26.817955017089844
1786546060.7303007,7841,-26.817955017089844
1786546060.8307574,7841,-26.817955017089844
1786546060.9303195,7998,3.3260529041290283
1786546061.0303364,7998,3.3260529041290283
1786546061.1303701,7998,3.3260529041290283
1786546061.230476,7998,3.3260529041290283
1786546061.3306696,8197,3.3260529041290283
1786546061.4303775,8197,16.244979858398438
1786546061.530342,8197,16.244979858398438
1786546061.630558,8197,16.244979858398438
1786546061.7302215,8197,16.244979858398438
1786546061.830228,8062,16.244979858398438
1786546061.9300537,8062,-10.011083602905273
1786546062.0301754,8062,-10.011083602905273
1786546062.1302278,8062,-10.011083602905273
1786546062.2303975,8062,-10.011083602905273
1786546062.329917,8611,-10.011083602905273
1786546062.4302032,8611,30.195669174194336
1786546062.5303938,8611,30.195669174194336
1786546062.630375,8611,30.195669174194336
1786546062.7303069,8611,30.195669174194336
1786546062.8308034,8120,30.195669174194336
1786546062.9301906,8120,-26.85959243774414
1786546063.0302083,8120,-26.85959243774414
1786546063.1303205,8120,-26.85959243774414
1786546063.2303765,8120,-26.85959243774414
1786546063.330231,8200,-26.85959243774414
1786546063.4302897,8200,7.48445463180542
1786546063.5304072,8200,7.48445463180542
1786546063.6301925,8200,7.48445463180542
1786546063.7302082,8200,7.48445463180542
1786546063.830322,8055,7.48445463180542
1786546063.930103,8055,-10.71761417388916
1786546064.0302866,8055,-10.71761417388916
1786546064.1308744,8055,-10.71761417388916
1786546064.2303205,8055,-10.71761417388916
1786546064.330168,8055,-10.71761417388916
1786546064.4301248,8477,25.14743423461914
1786546064.5300186,8477,25.14743423461914
1786546064.6304777,8477,25.14743423461914
1786546064.730105,8477,25.14743423461914
1786546064.8302078,8477,25.14743423461914
1786546064.9301312,8089,-25.330232620239258
1786546065.0301952,8089,-25.330232620239258
1786546065.1305363,8089,-25.330232620239258
1786546065.2304401,8089,-25.330232620239258
1786546065.3301826,8571,-25.330232620239258
1786546065.430491,8571,27.324806213378906
1786546065.5304003,8571,27.324806213378906
1786546065.6308308,8571,27.324806213378906
1786546065.7304077,8571,27.324806213378906
1786546065.8304036,8178,27.324806213378906
1786546065.93021,8178,-18.158845901489258
1786546066.0304391,8178,-18.158845901489258
1786546066.1303265,8178,-18.158845901489258
1786546066.2304173,8178,-18.158845901489258
1786546066.3303797,8178,-18.158845901489258
1786546066.4302163,8519,10.717936515808105
1786546066.53042,8519,10.717936515808105
1786546066.6302223,8519,10.717936515808105
1786546066.730329,8519,10.717936515808105
1786546066.8301973,8593,10.717936515808105
1786546066.9309142,8593,10.972064018249512
1786546067.0301232,8593,10.972064018249512
1786546067.1303682,8593,10.972064018249512
1786546067.2303658,8593,10.972064018249512
1786546067.3303988,8593,10.972064018249512
1786546067.4302533,8237,10.972064018249512
1786546067.530276,8237,-23.2725772857666
1786546067.6301877,8237,-23.2725772857666
1786546067.7302642,8237,-23.2725772857666
1786546067.830201,8367,-23.2725772857666
1786546067.930373,8367,21.18921661376953
1786546068.0303786,8367,21.18921661376953
1786546068.1303315,8367,21.18921661376953
1786546068.2302337,8367,21.18921661376953
1786546068.3304493,8367,21.18921661376953
1786546068.430108,8147,-17.630849838256836
1786546068.5303752,8147,-17.630849838256836
1786546068.6300545,8147,-17.630849838256836
1786546068.730434,8147,-17.630849838256836
1786546068.8301144,8597,-17.630849838256836
1786546068.9301064,8597,26.72568702697754
1786546069.030219,8597,26.72568702697754
1786546069.1302102,8597,26.72568702697754
1786546069.2303767,8597,26.72568702697754
1786546069.330135,8053,26.72568702697754
1786546069.4302177,8053,-27.31709098815918
1786546069.5302699,8053,-27.31709098815918
1786546069.6308713,8053,-27.31709098815918
1786546069.73017,8053,-27.31709098815918
1786546069.8302355,8672,-27.31709098815918
1786546069.9304936,8672,30.62716293334961
1786546070.0305955,8672,30.62716293334961
1786546070.1301951,8672,30.62716293334961
1786546070.2303858,8672,30.62716293334961
1786546070.3301115,8469,30.62716293334961
1786546070.4302905,8469,-7.171021938323975
1786546070.5304096,8469,-7.171021938323975
1786546070.6302192,8469,-7.171021938323975
1786546070.7303755,8469,-7.171021938323975
1786546070.8303587,8386,-7.171021938323975
1786546070.9302173,8386,-8.566303253173828
1786546071.0302293,8386,-8.566303253173828
1786546071.130412,8386,-8.566303253173828
1786546071.2304235,8386,-8.566303253173828
1786546071.3301697,8802,-8.566303253173828
1786546071.4307954,8802,23.5550479888916
1786546071.530391,8802,23.5550479888916
1786546071.6302483,8802,23.5550479888916
1786546071.7304747,8802,23.5550479888916
1786546071.829858,8721,23.5550479888916
1786546071.9303167,8721,-8.001944541931152
1786546072.0304627,8721,-8.001944541931152
1786546072.1302106,8721,-8.001944541931152
1786546072.2303793,8721,-8.001944541931152
1786546072.3303676,9229,-8.001944541931152
1786546072.4300375,9229,29.137826919555664
1786546072.5302584,9229,29.137826919555664
1786546072.6303275,9229,29.137826919555664
1786546072.730024,9229,29.137826919555664
1786546072.8302171,8569,29.137826919555664
1786546072.9301374,8569,-31.163549423217773
1786546073.0301344,8569,-31.163549423217773
1786546073.1302183,8569,-31.163549423217773
1786546073.230291,8569,-31.163549423217773
1786546073.3303084,8569,-31.163549423217773
1786546073.4302344,9409,57.28928756713867
1786546073.5305393,9409,57.28928756713867
1786546073.6301916,9409,57.28928756713867
1786546073.73038,9409,57.28928756713867
1786546073.8302543,9209,57.28928756713867
1786546073.9303854,9209,-18.29179573059082
1786546074.03035,9209,-18.29179573059082
1786546074.130321,9209,-18.29179573059082
1786546074.230383,9209,-18.29179573059082
1786546074.3301144,9209,-18.29179573059082
1786546074.4302542,10041,42.92585754394531
1786546074.5302246,10041,42.92585754394531
1786546074.6307738,10041,42.92585754394531
1786546074.7301981,10041,42.92585754394531
1786546074.8308446,9228,42.92585754394531
1786546074.9303858,9228,-42.1667594909668
1786546075.0302193,9228,-42.1667594909668
1786546075.130681,9228,-42.1667594909668
1786546075.2302966,9228,-42.1667594909668
1786546075.3301795,9228,-42.1667594909668
1786546075.430265,10040,39.57094192504883
1786546075.5304267,10040,39.57094192504883
1786546075.630474,10040,39.57094192504883
1786546075.730471,10040,39.57094192504883
1786546075.8303058,9312,39.57094192504883
1786546075.930211,9312,-36.725677490234375
1786546076.0302207,9312,-36.725677490234375
1786546076.1304166,9312,-36.725677490234375
1786546076.230173,9312,-36.725677490234375
1786546076.3302197,8660,-36.725677490234375
1786546076.4301293,8660,-33.979530334472656
1786546076.530199,8660,-33.979530334472656
1786546076.6308832,8660,-33.979530334472656
1786546076.7303946,8660,-33.979530334472656
1786546076.8300612,8322,-33.979530334472656
1786546076.930328,8322,-16.2847957611084
1786546077.0301068,8322,-16.2847957611084
1786546077.1304908,8322,-16.2847957611084
1786546077.2301702,8322,-16.2847957611084
1786546077.3302302,9392,-16.2847957611084
1786546077.4302263,9392,54.45363235473633
1786546077.5302262,9392,54.45363235473633
1786546077.6304564,9392,54.45363235473633
1786546077.730381,9392,54.45363235473633
1786546077.8302987,9822,54.45363235473633
1786546077.930416,9822,27.39569091796875
1786546078.0303724,9822,27.39569091796875
1786546078.130307,9822,27.39569091796875
1786546078.2303755,9822,27.39569091796875
1786546078.3301845,9822,27.39569091796875
1786546078.430208,9637,-24.075359344482422
1786546078.5304284,9637,-24.075359344482422
1786546078.6303885,9637,-24.075359344482422
1786546078.73024,9637,-24.075359344482422
1786546078.8303535,9637,-24.075359344482422
1786546078.9301512,10253,25.36678695678711
1786546079.0302258,10253,25.36678695678711
1786546079.1303954,10253,25.36678695678711
1786546079.230227,10253,25.36678695678711
1786546079.3298824,9068,-51.43967056274414
1786546079.4303088,9068,-51.43967056274414
1786546079.5302272,9068,-51.43967056274414
1786546079.630211,9068,-51.43967056274414
1786546079.7303817,9068,-51.43967056274414
1786546079.830257,9904,-51.43967056274414
1786546079.9305863,9904,37.27790451049805
1786546080.030234,9904,37.27790451049805
1786546080.1301863,9904,37.27790451049805
1786546080.2303753,9904,37.27790451049805
1786546080.3301473,9904,37.27790451049805
1786546080.4302287,9730,-1.670105218887329
1786546080.5302029,9730,-1.670105218887329
1786546080.6303644,9730,-1.670105218887329
1786546080.730494,9730,-1.670105218887329
1786546080.8301919,10128,-1.670105218887329
1786546080.9301202,10128,14.508298873901367
1786546081.0303786,10128,14.508298873901367
1786546081.1301246,10128,14.508298873901367
1786546081.2305849,10128,14.508298873901367
1786546081.3300893,10128,14.508298873901367
1786546081.4302065,9824,-10.354501724243164
1786546081.530366,9824,-10.354501724243164
1786546081.6302693,9824,-10.354501724243164
1786546081.7302291,9824,-10.354501724243164
1786546081.8301525,10717,-10.354501724243164
1786546081.9302442,10717,39.30513000488281
1786546082.0305533,10717,39.30513000488281
1786546082.1303759,10717,39.30513000488281
1786546082.2306194,10717,39.30513000488281
1786546082.3304002,9351,39.30513000488281
1786546082.4300578,9351,-64.78833770751953
1786546082.5308323,9351,-64.78833770751953
1786546082.6304798,9351,-64.78833770751953
1786546082.7302184,9351,-64.78833770751953
1786546082.8306527,9049,-64.78833770751953
1786546082.9303133,9049,-14.642538070678711
1786546083.0301247,9049,-14.642538070678711
1786546083.1303709,9049,-14.642538070678711
1786546083.230374,9049,-14.642538070678711
1786546083.3303585,9049,-14.642538070678711
1786546083.4302185,7842,-57.91135787963867
1786546083.530379,7842,-57.91135787963867
1786546083.6301997,7842,-57.91135787963867
1786546083.7303748,7842,-57.91135787963867
1786546083.8304172,7842,-57.91135787963867
1786546083.9303155,7633,-16.643640518188477
1786546084.0305073,7633,-16.643640518188477
1786546084.1302965,7633,-16.643640518188477
1786546084.230371,7633,-16.643640518188477
1786546084.3300488,7101,-16.643640518188477
1786546084.4302144,7101,-22.33753204345703
1786546084.53045,7101,-22.33753204345703
1786546084.6303296,7101,-22.33753204345703
1786546084.7303655,7101,-22.33753204345703
1786546084.8308768,6461,-22.33753204345703
1786546084.9301324,6461,-31.928348541259766
1786546085.0306573,6461,-31.928348541259766
1786546085.1304147,6461,-31.928348541259766
1786546085.2300155,6461,-31.928348541259766
1786546085.3302019,5953,-31.928348541259766
1786546085.4301176,5953,-25.575653076171875
1786546085.5303783,5953,-25.575653076171875
1786546085.6303802,5953,-25.575653076171875
1786546085.7303038,5953,-25.575653076171875
1786546085.8297641,5953,0.0
1786546085.9302244,5953,0.0
1786546086.0307944,5953,0.0
1786546086.130404,5953,0.0
1786546086.230383,5953,0.0
1786546086.329855,5953,0.0
1786546086.4301832,5953,0.0
1786546086.530062,5953,0.0
1786546086.6303818,5953,0.0
1786546086.730302,5953,0.0
1786546086.8303561,5253,0.0
1786546086.9300578,5253,-35.00503921508789
1786546087.0304139,5253,-35.00503921508789
1786546087.1301503,5253,-35.00503921508789
1786546087.2304056,5253,-35.00503921508789
1786546087.3308854,5253,-35.00503921508789
1786546087.4301047,5066,-18.925168991088867
1786546087.530131,5066,-18.925168991088867
1786546087.6301267,5066,-18.925168991088867
1786546087.730108,5066,-18.925168991088867
1786546087.8298783,4233,-18.925168991088867
1786546087.9301357,4233,-40.18354797363281
1786546088.0301661,4233,-40.18354797363281
1786546088.1301205,4233,-40.18354797363281
1786546088.2301092,4233,-40.18354797363281
1786546088.3299258,3269,-40.18354797363281
1786546088.4300413,3269,-48.39626693725586
1786546088.5300467,3269,-48.39626693725586
1786546088.6301155,3269,-48.39626693725586
1786546088.7299879,3269,-48.39626693725586
1786546088.829997,3269,-48.39626693725586
1786546088.9300444,2249,-59.42338943481445
1786546089.0299911,2249,-59.42338943481445
1786546089.1299353,2249,-59.42338943481445
1786546089.2299452,2249,-59.42338943481445
1786546089.3298144,910,-59.42338943481445
1786546089.429897,910,-59.42338943481445
1786546089.529801,910,-49.2951545715332
1786546089.6299205,910,-49.2951545715332
1786546089.7299857,910,-49.2951545715332
1786546089.8302283,97,-49.2951545715332
1786546089.9302456,97,-40.58817672729492
1786546090.0301945,97,-40.58817672729492
1786546090.130536,97,-40.58817672729492
1786546090.2302275,97,-40.58817672729492
1786546090.3298616,97,-40.58817672729492
1786546090.430098,97,0.0
1786546090.5301359,97,0.0
1786546090.6301436,97,0.0
1786546090.7301438,97,0.0
1786546090.8299675,97,0.0
1786546090.9301443,97,0.0
1786546091.030059,97,0.0
1786546091.1300342,97,0.0
1786546091.2300386,97,0.0
1786546091.3304727,97,0.0
1786546091.4310057,96,0.0
1786546091.5301433,96,0.0
1786546091.6300452,96,0.0
1786546091.730433,96,0.0
1786546091.8298953,396,0.0
1786546091.9300485,396,16.944244384765625
1786546092.0300412,396,16.944244384765625
1786546092.130032,396,16.944244384765625
1786546092.2300436,396,16.944244384765625
1786546092.3302615,556,16.944244384765625
1786546092.4303691,556,7.291350841522217
1786546092.529986,556,7.291350841522217
1786546092.6303067,556,7.291350841522217
1786546092.7303026,556,7.291350841522217
1786546092.8303785,556,7.291350841522217
1786546092.9301438,556,0.0
1786546093.0304055,556,0.0
1786546093.130327,556,0.0
1786546093.2303123,556,0.0
1786546093.3302455,556,0.0
1786546093.431014,556,0.0
1786546093.5303736,556,0.0
1786546093.6302903,556,0.0
1786546093.730836,556,0.0
1786546093.8302286,556,0.0
1786546093.9303567,556,0.0
1786546094.0303648,556,0.0
1786546094.130249,556,0.0
1786546094.2306726,556,0.0
1786546094.3302388,556,0.0
1786546094.4300172,556,0.0
1786546094.5304956,556,0.0
1786546094.6302898,556,0.0
1786546094.7303631,556,0.0
1786546094.8301764,556,0.0
1786546094.9301789,556,0.0
1786546095.0301492,556,0.0
1786546095.1304057,556,0.0
1786546095.2301486,556,0.0
1786546095.3305135,556,0.0
1786546095.4301162,556,0.0
1786546095.5304337,556,0.0
1786546095.63038,556,0.0
1786546095.730186,556,0.0
1786546095.8301253,556,0.0
1786546095.9302003,556,0.0
1786546096.0304682,556,0.0
1786546096.1303835,556,0.0
1786546096.2302043,556,0.0
1786546096.330307,556,0.0
1786546096.430804,556,0.0
1786546096.530086,556,0.0
1786546096.630383,556,0.0
1786546096.730079,556,0.0
1786546096.830178,556,0.0
1786546096.9301674,556,0.0
1786546097.0302255,556,0.0
1786546097.1304188,556,0.0
1786546097.2303782,556,0.0
1786546097.330201,556,0.0
1786546097.4303942,556,0.0
1786546097.5305567,556,0.0
1786546097.6308572,556,0.0
1786546097.730413,556,0.0
1786546097.8300076,556,0.0
1786546097.9301581,556,0.0
1786546098.0304177,556,0.0
1786546098.1300504,556,0.0
1786546098.2306595,556,0.0
1786546098.3300955,556,0.0
1786546098.430269,556,0.0
1786546098.5303879,556,0.0
1786546098.6301413,556,0.0
1786546098.7305002,556,0.0
1786546098.830221,556,0.0
1786546098.930215,556,0.0
1786546099.0303576,556,0.0
1786546099.1304178,556,0.0
1786546099.2304432,556,0.0
1786546099.3298748,556,0.0
1786546099.4305074,556,0.0
1786546099.5304399,556,0.0
1786546099.6303687,556,0.0
1786546099.7303052,556,0.0
1786546099.8308396,556,0.0
1786546099.9304144,556,0.0
1786546100.0303729,556,0.0
1786546100.1303747,556,0.0
1786546100.2303736,556,0.0
1786546100.3301501,556,0.0
1786546100.4301546,556,0.0
1786546100.5302346,556,0.0
1786546100.630413,556,0.0
1786546100.7304208,556,0.0
1786546100.8303127,556,0.0
1786546100.9302037,556,0.0
1786546101.0300865,556,0.0
1786546101.1303682,556,0.0
1786546101.2303998,556,0.0
1786546101.330093,556,0.0
1786546101.4300637,556,0.0
1786546101.5303211,556,0.0
1786546101.630181,556,0.0
1786546101.73041,556,0.0
1786546101.8301883,556,0.0
1786546101.9302354,556,0.0
1786546102.0308788,556,0.0
1786546102.1303277,556,0.0
1786546102.230307,556,0.0
1786546102.3308108,556,0.0
1786546102.4300132,556,0.0
1786546102.53029,556,0.0
1786546102.6301322,556,0.0
1786546102.7301214,556,0.0
1786546102.8302436,556,0.0
1786546102.9306142,556,0.0
1786546103.0301063,556,0.0
1786546103.1304634,556,0.0
1786546103.2302017,556,0.0
1786546103.330205,556,0.0
1786546103.4304206,556,0.0
1786546103.5303946,556,0.0
1786546103.630343,556,0.0
1786546103.7301335,556,0.0
1786546103.83021,556,0.0
1786546103.9303904,556,0.0
1786546104.030429,556,0.0
1786546104.130244,556,0.0
1786546104.2303808,556,0.0
1786546104.3298516,556,0.0
1786546104.4302204,556,0.0
1786546104.530421,556,0.0
1786546104.6303804,556,0.0
1786546104.7303088,556,0.0
1786546104.8303351,556,0.0
1786546104.930233,556,0.0
1786546105.0301225,556,0.0
1786546105.1303017,556,0.0
1786546105.230378,556,0.0
1786546105.3301895,556,0.0
1786546105.4302397,556,0.0
1786546105.530624,556,0.0
1786546105.630382,556,0.0
1786546105.7302415,556,0.0
1786546105.830092,556,0.0
1786546105.9302626,556,0.0
1786546106.0304284,556,0.0
1786546106.1302571,556,0.0
1786546106.2303038,556,0.0
1786546106.3300626,556,0.0
1786546106.4304278,556,0.0
1786546106.530084,556,0.0
1786546106.630226,556,0.0
1786546106.7301285,556,0.0
1786546106.8302598,556,0.0
1786546106.9303164,556,0.0
1786546107.0302289,556,0.0
1786546107.1303158,556,0.0
1786546107.2304301,556,0.0
1786546107.3302114,556,0.0
1786546107.430247,556,0.0
1786546107.5303288,556,0.0
1786546107.6301334,556,0.0
1786546107.7302358,556,0.0
1786546107.8303218,556,0.0
1786546107.930233,556,0.0
1786546108.0304718,556,0.0
1786546108.1300545,556,0.0
1786546108.2302318,556,0.0
1786546108.3303363,556,0.0
1786546108.4301596,556,0.0
1786546108.5302305,556,0.0
1786546108.6302555,556,0.0
1786546108.7302163,556,0.0
1786546108.830055,556,0.0
1786546108.9301481,556,0.0
1786546109.0305517,556,0.0
1786546109.1305103,556,0.0
1786546109.2304537,556,0.0
1786546109.3301852,556,0.0
1786546109.4303074,556,0.0
1786546109.5304055,556,0.0
1786546109.6304018,556,0.0
1786546109.7302976,556,0.0
1786546109.8302526,556,0.0
1786546109.9302623,556,0.0
1786546110.0302756,556,0.0
1786546110.1305082,556,0.0
1786546110.2303414,556,0.0
1786546110.3302033,556,0.0
1786546110.4301722,556,0.0
1786546110.5303063,556,0.0
1786546110.6300914,556,0.0
1786546110.7302108,556,0.0
1786546110.8301935,556,0.0
1786546110.9303725,556,0.0
1786546111.030225,556,0.0
1786546111.1304455,556,0.0
1786546111.2303784,556,0.0
1786546111.3304217,556,0.0
1786546111.4302225,556,0.0
1786546111.5304363,556,0.0
1786546111.6303692,556,0.0
1786546111.730469,556,0.0
1786546111.8304205,556,0.0
1786546111.9301906,556,0.0
1786546112.0302298,556,0.0
1786546112.1308002,556,0.0
1786546112.2302089,556,0.0
1786546112.3303812,556,0.0
1786546112.4302316,556,0.0
1786546112.5302572,556,0.0
1786546112.6301403,556,0.0
1786546112.7301104,556,0.0
1786546112.8308582,556,0.0
1786546112.9307368,556,0.0
1786546113.0302753,556,0.0
1786546113.1308346,556,0.0
1786546113.2303843,556,0.0
1786546113.330358,556,0.0
1786546113.4304383,556,0.0
1786546113.5308921,556,0.0
1786546113.6307936,556,0.0
1786546113.730151,556,0.0
1786546113.830098,556,0.0
1786546113.9302473,556,0.0
1786546114.0303826,556,0.0
1786546114.1303868,556,0.0
1786546114.230345,556,0.0
1786546114.3299022,556,0.0
1786546114.4302347,556,0.0
1786546114.5302882,556,0.0
1786546114.6302428,556,0.0
1786546114.7300413,556,0.0
1786546114.8301795,556,0.0
1786546114.9301512,556,0.0
1786546115.0301018,556,0.0
1786546115.1303763,556,0.0
1786546115.230377,556,0.0
1786546115.330215,556,0.0
1786546115.4304385,556,0.0
1786546115.530321,556,0.0
1786546115.6301978,556,0.0
1786546115.7304301,556,0.0
1786546115.829849,556,0.0
1786546115.9304602,556,0.0
1786546116.0303786,556,0.0
1786546116.1304371,556,0.0
1786546116.2303886,556,0.0
1786546116.3298495,556,0.0
1786546116.4304745,556,0.0
1786546116.5304828,556,0.0
1786546116.6302207,556,0.0
1786546116.7303836,556,0.0
1786546116.830235,556,0.0
1786546116.9303815,556,0.0
1786546117.030224,556,0.0
1786546117.130371,556,0.0
1786546117.2302074,556,0.0
1786546117.3302436,556,0.0
1786546117.430194,556,0.0
1786546117.5303905,556,0.0
1786546117.6301277,556,0.0
1786546117.7303567,556,0.0
1786546117.8308065,556,0.0
1786546117.93006,556,0.0
1786546118.0301251,556,0.0
1786546118.1305003,556,0.0
1786546118.2302394,556,0.0
1786546118.3299372,556,0.0
1786546118.4301448,556,0.0
1786546118.5301363,556,0.0
1786546118.6301026,556,0.0
1786546118.7303088,556,0.0
1786546118.829876,556,0.0
1786546118.930234,556,0.0
1786546119.0300465,556,0.0
1786546119.1303856,556,0.0
1786546119.2302377,556,0.0
1786546119.3301513,556,0.0
1786546119.4304807,556,0.0
1786546119.5300455,556,0.0
1786546119.6303802,556,0.0
1786546119.7305374,556,0.0
1786546119.8306139,556,0.0
1786546119.9302435,556,0.0
1786546120.030378,556,0.0
1786546120.1304917,556,0.0
1786546120.2303774,556,0.0
1786546120.330191,556,0.0
1786546120.4303818,556,0.0
1786546120.5303836,556,0.0
1786546120.6303866,556,0.0
1786546120.7304046,556,0.0
1786546120.8303564,556,0.0
1786546120.9301567,556,0.0
1786546121.030208,556,0.0
1786546121.1304002,556,0.0
1786546121.2302265,556,0.0
1786546121.330257,556,0.0
1786546121.4301808,556,0.0
1786546121.5303857,556,0.0
1786546121.6302218,556,0.0
1786546121.7307725,556,0.0
1786546121.830165,556,0.0
1786546121.9301598,556,0.0
1786546122.030389,556,0.0
1786546122.13046,556,0.0
1786546122.23039,556,0.0
1786546122.330898,556,0.0
1786546122.4302232,556,0.0
1786546122.530896,556,0.0
1786546122.6302323,556,0.0
1786546122.7300353,556,0.0
1786546122.8303802,556,0.0
1786546122.9300377,556,0.0
1786546123.0302348,556,0.0
1786546123.1302211,556,0.0
1786546123.230633,556,0.0
1786546123.330423,556,0.0
1786546123.4304814,556,0.0
1786546123.530229,556,0.0
1786546123.6308477,556,0.0
1786546123.730216,556,0.0
1786546123.830354,556,0.0
1786546123.9302137,556,0.0
1786546124.0304081,556,0.0
1786546124.1303864,556,0.0
1786546124.230217,556,0.0
1786546124.3301587,556,0.0
1786546124.4302578,556,0.0
1786546124.530407,556,0.0
1786546124.630229,556,0.0
1786546124.7303119,556,0.0
1786546124.8304203,556,0.0
1786546124.9302628,556,0.0
1786546125.0302267,556,0.0
1786546125.1302087,556,0.0
1786546125.2301486,556,0.0
1786546125.330801,556,0.0
1786546125.4300878,556,0.0
1786546125.5302362,556,0.0
1786546125.630383,556,0.0
1786546125.7302475,556,0.0
1786546125.8302107,556,0.0
1786546125.9302137,556,0.0
1786546126.0301454,556,0.0
1786546126.1304898,556,0.0
1786546126.2302341,556,0.0
1786546126.330485,556,0.0
1786546126.4300632,556,0.0
1786546126.5301263,556,0.0
1786546126.6300538,556,0.0
1786546126.7307503,556,0.0
1786546126.8298554,556,0.0
1786546126.9303005,556,0.0
1786546127.030095,556,0.0
1786546127.130385,556,0.0
1786546127.2303133,556,0.0
1786546127.3302162,556,0.0
1786546127.430387,556,0.0
1786546127.5306084,556,0.0
1786546127.6303174,556,0.0
1786546127.7302217,556,0.0
1786546127.8302507,556,0.0
1786546127.9304132,556,0.0
1786546128.0304608,556,0.0
1786546128.130162,556,0.0
1786546128.230441,556,0.0
1786546128.330051,556,0.0
1786546128.4308865,556,0.0
1786546128.5303311,556,0.0
1786546128.6304116,556,0.0
1786546128.7305944,556,0.0
1786546128.8301747,556,0.0
1786546128.9305859,556,0.0
1786546129.030087,556,0.0
1786546129.1303697,556,0.0
1786546129.230372,556,0.0
1786546129.3298695,556,0.0
1786546129.4302058,556,0.0
1786546129.5304227,556,0.0
1786546129.630229,556,0.0
1786546129.7303886,556,0.0
1786546129.830132,556,0.0
1786546129.930176,556,0.0
1786546130.0304577,556,0.0
1786546130.1302147,556,0.0
1786546130.2304015,556,0.0
1786546130.330134,556,0.0
1786546130.4303958,556,0.0
1786546130.530636,556,0.0
1786546130.6302233,556,0.0
1786546130.7301004,556,0.0
1786546130.8302062,556,0.0
1786546130.9302776,556,0.0
1786546131.030413,556,0.0
1786546131.1302238,556,0.0
1786546131.2303627,556,0.0
1786546131.330125,556,0.0
1786546131.4302287,556,0.0
1786546131.5303817,556,0.0
1786546131.6304052,556,0.0
1786546131.7303667,556,0.0
1786546131.83026,556,0.0
1786546131.9302502,556,0.0
1786546132.0301337,556,0.0
1786546132.1304233,556,0.0
1786546132.230917,556,0.0
1786546132.3302188,556,0.0
1786546132.43019,556,0.0
1786546132.530231,556,0.0
1786546132.6301417,556,0.0
1786546132.730043,556,0.0
1786546132.8299396,556,0.0
1786546132.930093,556,0.0
1786546133.030208,556,0.0
1786546133.1304898,556,0.0
1786546133.2301977,556,0.0
1786546133.3303173,556,0.0
1786546133.4308572,556,0.0
1786546133.53016,556,0.0
1786546133.630203,556,0.0
1786546133.7302234,556,0.0
1786546133.8301666,556,0.0
1786546133.9301548,556,0.0
1786546134.030163,556,0.0
1786546134.1304414,556,0.0
1786546134.2302122,556,0.0
1786546134.3300974,556,0.0
1786546134.4305863,556,0.0
1786546134.5302212,556,0.0
1786546134.6300552,556,0.0
1786546134.7309103,556,0.0
1786546134.8300915,556,0.0
1786546134.9301696,556,0.0
1786546135.0300608,556,0.0
1786546135.1303174,556,0.0
1786546135.2301521,556,0.0
1786546135.3298578,556,0.0
1786546135.4300928,556,0.0
1786546135.5302098,556,0.0
1786546135.630794,556,0.0
1786546135.7301457,556,0.0
1786546135.830282,556,0.0
1786546135.9302275,556,0.0
1786546136.030176,556,0.0
1786546136.1301467,556,0.0
1786546136.2299893,556,0.0
1786546136.330029,556,0.0
1786546136.4300117,556,0.0
1786546136.5300472,556,0.0
1786546136.6299682,556,0.0
1786546136.7300842,556,0.0
1786546136.8308446,556,0.0
1786546136.9301567,556,0.0
1786546137.0302622,556,0.0
1786546137.130194,556,0.0
1786546137.2301855,556,0.0
1786546137.3301227,556,0.0
1786546137.430397,556,0.0
1786546137.5301435,556,0.0
1786546137.6302288,556,0.0
1786546137.7306337,556,0.0
1786546137.8306186,556,0.0
1786546137.930414,556,0.0
1786546138.0308332,556,0.0
1786546138.1305475,556,0.0
1786546138.2304819,556,0.0
1786546138.3299453,556,0.0
1786546138.4299786,556,0.0
1786546138.5301611,556,0.0
1786546138.6303494,556,0.0
1786546138.7301502,556,0.0
1786546138.8299768,556,0.0
1786546138.931102,556,0.0
1786546139.03004,556,0.0
1786546139.129999,556,0.0
1786546139.2302864,556,0.0
1786546139.3302426,556,0.0
1786546139.4301834,556,0.0
1786546139.5302796,556,0.0
1786546139.6300883,556,0.0
1786546139.7302265,556,0.0
1786546139.830153,556,0.0
1786546139.930169,556,0.0
1786546140.0303085,556,0.0
1786546140.130219,556,0.0
1786546140.230063,556,0.0
1786546140.330121,556,0.0
1786546140.4306476,556,0.0
1786546140.530444,556,0.0
1786546140.6301064,556,0.0
1786546140.7304366,556,0.0
1786546140.8300214,556,0.0
1786546140.930106,556,0.0
1786546141.0299847,556,0.0
1786546141.1301455,556,0.0
1786546141.2300744,556,0.0
1786546141.329862,556,0.0
1786546141.4301667,556,0.0
1786546141.53008,556,0.0
1786546141.6303735,556,0.0
1786546141.7301376,556,0.0
1786546141.8299534,556,0.0
1786546141.9301765,556,0.0
1786546142.0301845,556,0.0
1786546142.1304953,556,0.0
1786546142.2302926,556,0.0
1786546142.3301451,556,0.0
1786546142.4301586,556,0.0
1786546142.5301716,556,0.0
1786546142.630135,556,0.0
1786546142.7302933,556,0.0
1786546142.8300424,556,0.0
1786546142.9301257,556,0.0
1786546143.0302255,556,0.0
1786546143.1300607,556,0.0
1786546143.2301207,556,0.0
1786546143.3299437,556,0.0
1786546143.430205,556,0.0
1786546143.5302596,556,0.0
1786546143.6305704,556,0.0
1786546143.730353,556,0.0
1786546143.8301377,556,0.0
1786546143.930162,556,0.0
1786546144.0303636,556,0.0
1786546144.1301737,556,0.0
1786546144.2303977,556,0.0
1786546144.3301399,556,0.0
1786546144.4302642,556,0.0
1786546144.5301113,556,0.0
1786546144.6301205,556,0.0
1786546144.7302139,556,0.0
1786546144.8301845,556,0.0
1786546144.9303465,556,0.0
1786546145.0308008,556,0.0
1786546145.130234,556,0.0
1786546145.2305236,556,0.0
1786546145.3301156,556,0.0
1786546145.4305089,556,0.0
1786546145.5303862,556,0.0
1786546145.630114,556,0.0
1786546145.7303603,556,0.0
1786546145.8300912,556,0.0
1786546145.9302373,556,0.0
1786546146.0302472,556,0.0
1786546146.1305747,556,0.0
1786546146.2301698,556,0.0
1786546146.3303146,556,0.0
1786546146.4301648,556,0.0
1786546146.5302405,556,0.0
1786546146.6305945,556,0.0
1786546146.7302263,556,0.0
1786546146.830216,556,0.0
1786546146.9301753,556,0.0
1786546147.030217,556,0.0
1786546147.1301086,556,0.0
1786546147.2303963,556,0.0
1786546147.3301687,556,0.0
1786546147.4308443,556,0.0
1786546147.5303729,556,0.0
1786546147.6303725,556,0.0
1786546147.730175,556,0.0
1786546147.8304694,556,0.0
1786546147.93029,556,0.0
1786546148.0303497,556,0.0
1786546148.1305242,556,0.0
1786546148.2301931,556,0.0
1786546148.330255,556,0.0
1786546148.4302695,556,0.0
1786546148.5303018,556,0.0
1786546148.6301818,556,0.0
1786546148.7301102,556,0.0
1786546148.830215,556,0.0
1786546148.9302924,556,0.0
1786546149.0303624,556,0.0
1786546149.1302047,556,0.0
1786546149.2304342,556,0.0
1786546149.3301673,556,0.0
1786546149.430227,556,0.0
1786546149.5301352,556,0.0
1786546149.6302836,556,0.0
1786546149.7301302,556,0.0
1786546149.830171,556,0.0
1786546149.9308746,556,0.0
1786546150.0303822,556,0.0
1786546150.1300285,556,0.0
1786546150.230377,556,0.0
1786546150.3298495,556,0.0
1786546150.4302425,556,0.0
1786546150.5303755,556,0.0
1786546150.630176,556,0.0
1786546150.7303884,556,0.0
1786546150.8301625,556,0.0
1786546150.930366,556,0.0
1786546151.0300264,556,0.0
1786546151.1303756,556,0.0
1786546151.230192,556,0.0
1786546151.3304112,556,0.0
1786546151.430244,556,0.0
1786546151.530343,556,0.0
1786546151.6301134,556,0.0
1786546151.7302103,556,0.0
1786546151.830197,556,0.0
1786546151.930209,556,0.0
1786546152.0303035,556,0.0
1786546152.1303039,556,0.0
1786546152.230748,556,0.0
1786546152.3301935,556,0.0
1786546152.4302309,556,0.0
1786546152.530156,556,0.0
1786546152.63022,556,0.0
1786546152.7303705,556,0.0
1786546152.8302205,556,0.0
1786546152.9301105,556,0.0
1786546153.030041,556,0.0
1786546153.1301162,556,0.0
1786546153.230291,556,0.0
1786546153.3308558,556,0.0
1786546153.4300396,556,0.0
1786546153.5301049,556,0.0
1786546153.6301982,556,0.0
1786546153.7302096,556,0.0
1786546153.8302212,556,0.0
1786546153.9301333,556,0.0
1786546154.0300899,556,0.0
1786546154.1301944,556,0.0
1786546154.2301707,556,0.0
1786546154.3299549,556,0.0
1786546154.4300518,556,0.0
1786546154.5301924,556,0.0
1786546154.6302228,556,0.0
1786546154.7303607,556,0.0
1786546154.83031,556,0.0
1786546154.930189,556,0.0
1786546155.0302212,556,0.0
1786546155.130175,556,0.0
1786546155.2304826,556,0.0
1786546155.3299162,556,0.0
1786546155.4302728,556,0.0
1786546155.5304463,556,0.0
1786546155.6301079,556,0.0
1786546155.7304041,556,0.0
1786546155.830221,556,0.0
1786546155.9308448,556,0.0
1786546156.03018,556,0.0
1786546156.130388,556,0.0
1786546156.2303755,556,0.0
1786546156.3302236,556,0.0
1786546156.4305305,556,0.0
1786546156.5304565,556,0.0
1786546156.630449,556,0.0
1786546156.7303438,556,0.0
1786546156.8302872,556,0.0
1786546156.9303572,556,0.0
1786546157.0301998,556,0.0
1786546157.130059,556,0.0
1786546157.230412,556,0.0
1786546157.3298504,556,0.0
1786546157.4303823,556,0.0
1786546157.5301642,556,0.0
1786546157.630289,556,0.0
1786546157.730129,556,0.0
1786546157.8302212,556,0.0
1786546157.9303157,556,0.0
1786546158.0302486,556,0.0
1786546158.1300144,556,0.0
1786546158.2304065,556,0.0
1786546158.3302917,556,0.0
1786546158.4302306,556,0.0
1786546158.5303018,556,0.0
1786546158.6299608,556,0.0
1786546158.730137,556,0.0
1786546158.8303401,556,0.0
1786546158.9303145,556,0.0
1786546159.030856,556,0.0
1786546159.1304173,556,0.0
1786546159.2303152,556,0.0
1786546159.3301022,556,0.0
1786546159.4304037,556,0.0
1786546159.5304043,556,0.0
1786546159.6304777,556,0.0
1786546159.7304156,556,0.0
1786546159.830252,556,0.0
1786546159.9303906,556,0.0
1786546160.0303125,556,0.0
1786546160.1302185,556,0.0
1786546160.230185,556,0.0
1786546160.329849,556,0.0
1786546160.4303894,556,0.0
1786546160.530117,556,0.0
1786546160.6302152,556,0.0
1786546160.7302146,556,0.0
1786546160.8301895,556,0.0
1786546160.9303758,556,0.0
1786546161.0305555,556,0.0
1786546161.1303089,556,0.0
1786546161.2302985,556,0.0
1786546161.330227,556,0.0
1786546161.4301884,556,0.0
1786546161.5302765,556,0.0
1786546161.63048,556,0.0
1786546161.7303843,556,0.0
1786546161.8302107,556,0.0
1786546161.930212,556,0.0
1786546162.0300467,556,0.0
1786546162.1301553,556,0.0
1786546162.2300637,556,0.0
1786546162.3300912,556,0.0
1786546162.4300735,556,0.0
1786546162.530011,556,0.0
1786546162.6302269,556,0.0
1786546162.7303622,556,0.0
1786546162.8301134,556,0.0
1786546162.9302142,556,0.0
1786546163.030026,556,0.0
1786546163.1300864,556,0.0
1786546163.2301214,556,0.0
1786546163.3304062,556,0.0
1786546163.4301667,556,0.0
1786546163.5303066,556,0.0
1786546163.6301467,556,0.0
1786546163.7303789,556,0.0
1786546163.8303654,556,0.0
1786546163.930418,556,0.0
1786546164.030282,556,0.0
1786546164.1300852,556,0.0
1786546164.2300851,556,0.0
1786546164.3300035,556,0.0
1786546164.43022,556,0.0
1786546164.5302851,556,0.0
1786546164.6301203,556,0.0
1786546164.7302012,556,0.0
1786546164.8303638,556,0.0
1786546164.9307098,556,0.0
1786546165.0302398,556,0.0
1786546165.130125,556,0.0
1786546165.230499,556,0.0
1786546165.3302464,556,0.0
1786546165.4303904,556,0.0
1786546165.530255,556,0.0
1786546165.6301749,556,0.0
1786546165.7302175,556,0.0
1786546165.8302677,556,0.0
1786546165.9302015,556,0.0
1786546166.0303624,556,0.0
1786546166.1301956,556,0.0
1786546166.2307017,556,0.0
1786546166.3301969,556,0.0
1786546166.430014,556,0.0
1786546166.5302947,556,0.0
1786546166.6301978,556,0.0
1786546166.7301114,556,0.0
1786546166.830596,556,0.0
1786546166.9303586,556,0.0
1786546167.0307755,556,0.0
1786546167.1302204,556,0.0
1786546167.2303877,556,0.0
1786546167.3299258,556,0.0
1786546167.4300966,556,0.0
1786546167.5304418,556,0.0
1786546167.630182,556,0.0
1786546167.7305236,556,0.0
1786546167.830211,556,0.0
1786546167.930097,556,0.0
1786546168.0303245,556,0.0
1786546168.1302147,556,0.0
1786546168.2300563,556,0.0
1786546168.3298483,556,0.0
1786546168.4301455,556,0.0
1786546168.5301507,556,0.0
1786546168.630532,556,0.0
1786546168.730142,556,0.0
1786546168.8300915,556,0.0
1786546168.9301746,556,0.0
1786546169.03024,556,0.0
1786546169.130199,556,0.0
1786546169.2301986,556,0.0
1786546169.3301508,556,0.0
1786546169.4304092,556,0.0
1786546169.5302365,556,0.0
1786546169.6301603,556,0.0
1786546169.7301137,556,0.0
1786546169.8299148,556,0.0
1786546169.9302077,556,0.0
1786546170.0301485,556,0.0
1786546170.130088,556,0.0
1786546170.2301261,556,0.0
1786546170.3301368,556,0.0
1786546170.4301434,556,0.0
1786546170.530236,556,0.0
1786546170.630153,556,0.0
1786546170.7301254,556,0.0
1786546170.8298764,556,0.0
1786546170.9302187,556,0.0
1786546171.0301502,556,0.0
1786546171.1301453,556,0.0
1786546171.230099,556,0.0
1786546171.3299496,556,0.0
1786546171.4302216,556,0.0
1786546171.5304613,556,0.0
1786546171.6304095,556,0.0
1786546171.7304866,556,0.0
1786546171.8301544,556,0.0
1786546171.9302166,556,0.0
1786546172.030306,556,0.0
1786546172.1304617,556,0.0
1786546172.2302928,556,0.0
1786546172.3303857,556,0.0
1786546172.4302192,556,0.0
1786546172.5302052,556,0.0
